event_id,customer_id,event_date,days_since_signup,feature,signup_device
PE00001,CUST00001,2020-11-25,1,첫주문,모바일앱
PE00002,CUST00001,2020-12-06,12,리뷰작성,모바일앱
PE00003,CUST00001,2020-12-08,14,장바구니담기,모바일앱
PE00004,CUST00001,2020-12-13,19,리뷰작성,모바일앱
PE00005,CUST00002,2019-10-20,1,첫주문,모바일앱
PE00006,CUST00002,2019-11-10,22,쿠폰다운로드,모바일앱
PE00007,CUST00002,2019-11-10,22,위시리스트추가,모바일앱
PE00008,CUST00003,2020-11-16,1,첫주문,모바일앱
PE00009,CUST00003,2020-11-27,12,자동결제등록,모바일앱
PE00010,CUST00003,2020-11-29,14,앱푸시동의,모바일앱
PE00011,CUST00003,2020-12-02,17,쿠폰다운로드,모바일앱
PE00012,CUST00003,2020-12-09,24,자동결제등록,모바일앱
PE00013,CUST00003,2020-12-09,24,자동결제등록,모바일앱
PE00014,CUST00003,2020-12-13,28,앱푸시동의,모바일앱
PE00015,CUST00004,2021-11-26,3,첫주문,모바일앱
PE00016,CUST00004,2021-12-01,8,위시리스트추가,모바일앱
PE00017,CUST00004,2021-12-10,17,리뷰작성,모바일앱
PE00018,CUST00004,2021-12-18,25,쿠폰다운로드,모바일앱
PE00019,CUST00006,2022-03-26,4,첫주문,모바일앱
PE00020,CUST00006,2022-03-29,7,위시리스트추가,모바일앱
PE00021,CUST00006,2022-04-20,29,쿠폰다운로드,모바일앱
PE00022,CUST00006,2022-04-20,29,앱푸시동의,모바일앱
PE00023,CUST00007,2024-08-16,0,앱푸시동의,PC웹
PE00024,CUST00007,2024-08-30,14,쿠폰다운로드,PC웹
PE00025,CUST00007,2024-09-14,29,앱푸시동의,PC웹
PE00026,CUST00008,2021-05-13,0,장바구니담기,모바일웹
PE00027,CUST00008,2021-05-18,5,앱푸시동의,모바일웹
PE00028,CUST00008,2021-06-07,25,첫주문,모바일웹
PE00029,CUST00009,2024-12-25,5,첫주문,모바일앱
PE00030,CUST00009,2025-01-01,12,위시리스트추가,모바일앱
PE00031,CUST00009,2025-01-18,29,장바구니담기,모바일앱
PE00032,CUST00011,2025-12-29,1,첫주문,PC웹
PE00033,CUST00011,2025-12-29,1,자동결제등록,PC웹
PE00034,CUST00011,2026-01-07,10,위시리스트추가,PC웹
PE00035,CUST00012,2025-02-09,1,첫주문,모바일앱
PE00036,CUST00012,2025-03-01,21,위시리스트추가,모바일앱
PE00037,CUST00012,2025-03-06,26,리뷰작성,모바일앱
PE00038,CUST00013,2021-04-05,3,자동결제등록,모바일웹
PE00039,CUST00013,2021-04-06,4,첫주문,모바일웹
PE00040,CUST00013,2021-04-17,15,리뷰작성,모바일웹
PE00041,CUST00013,2021-04-19,17,리뷰작성,모바일웹
PE00042,CUST00013,2021-04-24,22,위시리스트추가,모바일웹
PE00043,CUST00013,2021-04-30,28,장바구니담기,모바일웹
PE00044,CUST00014,2020-11-15,3,첫주문,PC웹
PE00045,CUST00014,2020-11-23,11,리뷰작성,PC웹
PE00046,CUST00016,2021-02-22,2,쿠폰다운로드,모바일앱
PE00047,CUST00016,2021-03-06,14,위시리스트추가,모바일앱
PE00048,CUST00016,2021-03-06,14,앱푸시동의,모바일앱
PE00049,CUST00016,2021-03-10,18,앱푸시동의,모바일앱
PE00050,CUST00016,2021-03-13,21,쿠폰다운로드,모바일앱
PE00051,CUST00017,2025-07-17,2,첫주문,PC웹
PE00052,CUST00017,2025-07-24,9,위시리스트추가,PC웹
PE00053,CUST00017,2025-08-07,23,자동결제등록,PC웹
PE00054,CUST00017,2025-08-08,24,리뷰작성,PC웹
PE00055,CUST00018,2025-02-21,0,위시리스트추가,PC웹
PE00056,CUST00018,2025-03-10,17,자동결제등록,PC웹
PE00057,CUST00018,2025-03-14,21,위시리스트추가,PC웹
PE00058,CUST00018,2025-03-16,23,첫주문,PC웹
PE00059,CUST00019,2024-06-12,4,첫주문,모바일앱
PE00060,CUST00019,2024-07-01,23,앱푸시동의,모바일앱
PE00061,CUST00019,2024-07-06,28,쿠폰다운로드,모바일앱
PE00062,CUST00020,2025-08-20,4,장바구니담기,모바일앱
PE00063,CUST00020,2025-08-21,5,첫주문,모바일앱
PE00064,CUST00020,2025-09-05,20,장바구니담기,모바일앱
PE00065,CUST00021,2025-11-12,1,첫주문,모바일앱
PE00066,CUST00021,2025-11-12,1,자동결제등록,모바일앱
PE00067,CUST00021,2025-11-27,16,리뷰작성,모바일앱
PE00068,CUST00022,2025-04-11,19,리뷰작성,모바일앱
PE00069,CUST00022,2025-04-12,20,리뷰작성,모바일앱
PE00070,CUST00023,2020-05-29,1,첫주문,모바일앱
PE00071,CUST00023,2020-05-30,2,위시리스트추가,모바일앱
PE00072,CUST00023,2020-05-31,3,자동결제등록,모바일앱
PE00073,CUST00023,2020-06-24,27,장바구니담기,모바일앱
PE00074,CUST00025,2021-02-15,6,첫주문,모바일앱
PE00075,CUST00025,2021-03-10,29,앱푸시동의,모바일앱
PE00076,CUST00026,2020-11-29,14,자동결제등록,모바일앱
PE00077,CUST00026,2020-11-30,15,첫주문,모바일앱
PE00078,CUST00026,2020-12-08,23,앱푸시동의,모바일앱
PE00079,CUST00027,2019-08-09,0,첫주문,모바일앱
PE00080,CUST00027,2019-08-14,5,앱푸시동의,모바일앱
PE00081,CUST00027,2019-08-17,8,자동결제등록,모바일앱
PE00082,CUST00027,2019-08-22,13,앱푸시동의,모바일앱
PE00083,CUST00027,2019-08-29,20,리뷰작성,모바일앱
PE00084,CUST00028,2023-11-26,0,첫주문,모바일앱
PE00085,CUST00029,2022-01-11,6,위시리스트추가,모바일앱
PE00086,CUST00030,2022-06-04,0,첫주문,모바일웹
PE00087,CUST00030,2022-06-20,16,위시리스트추가,모바일웹
PE00088,CUST00031,2020-03-16,5,위시리스트추가,모바일앱
PE00089,CUST00031,2020-03-27,16,앱푸시동의,모바일앱
PE00090,CUST00031,2020-04-04,24,첫주문,모바일앱
PE00091,CUST00033,2019-10-17,0,첫주문,PC웹
PE00092,CUST00033,2019-10-31,14,쿠폰다운로드,PC웹
PE00093,CUST00034,2022-06-02,3,첫주문,모바일앱
PE00094,CUST00034,2022-06-20,21,쿠폰다운로드,모바일앱
PE00095,CUST00035,2025-09-05,3,첫주문,PC웹
PE00096,CUST00035,2025-09-07,5,장바구니담기,PC웹
PE00097,CUST00035,2025-09-12,10,장바구니담기,PC웹
PE00098,CUST00036,2020-04-28,3,첫주문,모바일앱
PE00099,CUST00036,2020-05-02,7,앱푸시동의,모바일앱
PE00100,CUST00036,2020-05-09,14,자동결제등록,모바일앱
PE00101,CUST00036,2020-05-15,20,위시리스트추가,모바일앱
PE00102,CUST00036,2020-05-20,25,위시리스트추가,모바일앱
PE00103,CUST00036,2020-05-21,26,장바구니담기,모바일앱
PE00104,CUST00036,2020-05-23,28,장바구니담기,모바일앱
PE00105,CUST00037,2025-05-13,1,위시리스트추가,모바일앱
PE00106,CUST00037,2025-05-16,4,첫주문,모바일앱
PE00107,CUST00039,2022-06-08,0,첫주문,모바일웹
PE00108,CUST00039,2022-06-15,7,쿠폰다운로드,모바일웹
PE00109,CUST00041,2021-04-06,1,자동결제등록,모바일앱
PE00110,CUST00041,2021-04-09,4,첫주문,모바일앱
PE00111,CUST00041,2021-04-15,10,리뷰작성,모바일앱
PE00112,CUST00042,2022-11-30,6,첫주문,모바일앱
PE00113,CUST00042,2022-12-23,29,장바구니담기,모바일앱
PE00114,CUST00043,2020-02-18,2,첫주문,모바일앱
PE00115,CUST00043,2020-03-08,21,위시리스트추가,모바일앱
PE00116,CUST00043,2020-03-10,23,자동결제등록,모바일앱
PE00117,CUST00043,2020-03-13,26,위시리스트추가,모바일앱
PE00118,CUST00044,2023-08-15,0,앱푸시동의,모바일앱
PE00119,CUST00044,2023-08-23,8,앱푸시동의,모바일앱
PE00120,CUST00045,2021-04-02,1,첫주문,모바일앱
PE00121,CUST00045,2021-04-07,6,위시리스트추가,모바일앱
PE00122,CUST00045,2021-04-18,17,위시리스트추가,모바일앱
PE00123,CUST00045,2021-04-28,27,위시리스트추가,모바일앱
PE00124,CUST00046,2020-09-29,5,첫주문,PC웹
PE00125,CUST00046,2020-10-01,7,리뷰작성,PC웹
PE00126,CUST00046,2020-10-03,9,앱푸시동의,PC웹
PE00127,CUST00046,2020-10-03,9,자동결제등록,PC웹
PE00128,CUST00047,2024-05-31,7,위시리스트추가,모바일앱
PE00129,CUST00047,2024-06-12,19,자동결제등록,모바일앱
PE00130,CUST00048,2020-05-22,5,첫주문,PC웹
PE00131,CUST00048,2020-05-22,5,자동결제등록,PC웹
PE00132,CUST00048,2020-06-04,18,위시리스트추가,PC웹
PE00133,CUST00048,2020-06-13,27,장바구니담기,PC웹
PE00134,CUST00049,2019-04-25,3,쿠폰다운로드,모바일앱
PE00135,CUST00049,2019-05-02,10,자동결제등록,모바일앱
PE00136,CUST00049,2019-05-06,14,첫주문,모바일앱
PE00137,CUST00050,2025-10-24,15,위시리스트추가,모바일앱
PE00138,CUST00050,2025-10-25,16,쿠폰다운로드,모바일앱
PE00139,CUST00050,2025-10-27,18,첫주문,모바일앱
PE00140,CUST00050,2025-10-28,19,쿠폰다운로드,모바일앱
PE00141,CUST00050,2025-11-01,23,장바구니담기,모바일앱
PE00142,CUST00050,2025-11-05,27,앱푸시동의,모바일앱
PE00143,CUST00052,2025-10-24,3,첫주문,모바일앱
PE00144,CUST00052,2025-10-30,9,장바구니담기,모바일앱
PE00145,CUST00053,2025-11-14,17,장바구니담기,모바일웹
PE00146,CUST00054,2019-05-04,3,앱푸시동의,모바일앱
PE00147,CUST00054,2019-05-08,7,리뷰작성,모바일앱
PE00148,CUST00054,2019-05-10,9,리뷰작성,모바일앱
PE00149,CUST00054,2019-05-20,19,리뷰작성,모바일앱
PE00150,CUST00054,2019-05-24,23,리뷰작성,모바일앱
PE00151,CUST00055,2021-08-09,3,첫주문,모바일웹
PE00152,CUST00056,2021-10-21,5,첫주문,PC웹
PE00153,CUST00057,2024-10-15,3,첫주문,모바일웹
PE00154,CUST00057,2024-10-16,4,앱푸시동의,모바일웹
PE00155,CUST00057,2024-10-22,10,쿠폰다운로드,모바일웹
PE00156,CUST00058,2023-12-13,4,첫주문,PC웹
PE00157,CUST00058,2023-12-20,11,장바구니담기,PC웹
PE00158,CUST00059,2025-03-14,1,위시리스트추가,모바일앱
PE00159,CUST00059,2025-03-17,4,첫주문,모바일앱
PE00160,CUST00059,2025-03-27,14,장바구니담기,모바일앱
PE00161,CUST00059,2025-04-01,19,자동결제등록,모바일앱
PE00162,CUST00060,2019-05-23,5,첫주문,모바일앱
PE00163,CUST00061,2024-05-10,20,앱푸시동의,모바일앱
PE00164,CUST00061,2024-05-14,24,첫주문,모바일앱
PE00165,CUST00062,2022-06-06,2,첫주문,모바일앱
PE00166,CUST00062,2022-06-08,4,리뷰작성,모바일앱
PE00167,CUST00062,2022-06-12,8,쿠폰다운로드,모바일앱
PE00168,CUST00062,2022-06-15,11,리뷰작성,모바일앱
PE00169,CUST00063,2024-03-28,1,첫주문,모바일앱
PE00170,CUST00063,2024-03-28,1,자동결제등록,모바일앱
PE00171,CUST00064,2025-09-08,1,첫주문,모바일앱
PE00172,CUST00064,2025-09-11,4,위시리스트추가,모바일앱
PE00173,CUST00064,2025-09-12,5,자동결제등록,모바일앱
PE00174,CUST00065,2023-01-10,0,첫주문,모바일앱
PE00175,CUST00065,2023-01-10,0,앱푸시동의,모바일앱
PE00176,CUST00065,2023-01-26,16,앱푸시동의,모바일앱
PE00177,CUST00065,2023-01-29,19,장바구니담기,모바일앱
PE00178,CUST00065,2023-02-03,24,자동결제등록,모바일앱
PE00179,CUST00066,2025-12-21,4,첫주문,모바일웹
PE00180,CUST00066,2025-12-31,14,자동결제등록,모바일웹
PE00181,CUST00067,2019-03-22,5,리뷰작성,모바일앱
PE00182,CUST00068,2023-03-21,5,첫주문,모바일웹
PE00183,CUST00068,2023-04-03,18,쿠폰다운로드,모바일웹
PE00184,CUST00068,2023-04-04,19,앱푸시동의,모바일웹
PE00185,CUST00069,2020-11-13,3,첫주문,모바일앱
PE00186,CUST00069,2020-12-02,22,장바구니담기,모바일앱
PE00187,CUST00069,2020-12-07,27,위시리스트추가,모바일앱
PE00188,CUST00070,2020-02-21,2,첫주문,모바일앱
PE00189,CUST00072,2025-07-11,4,첫주문,모바일앱
PE00190,CUST00072,2025-07-25,18,앱푸시동의,모바일앱
PE00191,CUST00073,2020-12-29,0,첫주문,모바일앱
PE00192,CUST00073,2020-12-31,2,장바구니담기,모바일앱
PE00193,CUST00073,2021-01-04,6,리뷰작성,모바일앱
PE00194,CUST00073,2021-01-06,8,장바구니담기,모바일앱
PE00195,CUST00073,2021-01-07,9,장바구니담기,모바일앱
PE00196,CUST00074,2024-11-29,3,첫주문,모바일웹
PE00197,CUST00074,2024-12-04,8,자동결제등록,모바일웹
PE00198,CUST00074,2024-12-11,15,앱푸시동의,모바일웹
PE00199,CUST00075,2022-12-20,2,첫주문,모바일앱
PE00200,CUST00076,2022-03-27,0,첫주문,모바일앱
PE00201,CUST00076,2022-04-02,6,리뷰작성,모바일앱
PE00202,CUST00077,2025-05-11,0,첫주문,모바일앱
PE00203,CUST00077,2025-05-13,2,리뷰작성,모바일앱
PE00204,CUST00077,2025-05-21,10,앱푸시동의,모바일앱
PE00205,CUST00078,2019-04-07,6,첫주문,모바일앱
PE00206,CUST00079,2023-07-18,0,쿠폰다운로드,모바일웹
PE00207,CUST00079,2023-07-19,1,첫주문,모바일웹
PE00208,CUST00079,2023-07-25,7,쿠폰다운로드,모바일웹
PE00209,CUST00079,2023-07-27,9,앱푸시동의,모바일웹
PE00210,CUST00079,2023-07-31,13,위시리스트추가,모바일웹
PE00211,CUST00079,2023-08-12,25,위시리스트추가,모바일웹
PE00212,CUST00080,2022-12-09,4,자동결제등록,모바일앱
PE00213,CUST00080,2022-12-10,5,첫주문,모바일앱
PE00214,CUST00080,2022-12-29,24,장바구니담기,모바일앱
PE00215,CUST00081,2021-11-15,1,위시리스트추가,PC웹
PE00216,CUST00081,2021-11-17,3,쿠폰다운로드,PC웹
PE00217,CUST00081,2021-11-20,6,자동결제등록,PC웹
PE00218,CUST00081,2021-12-10,26,첫주문,PC웹
PE00219,CUST00082,2019-09-16,4,첫주문,모바일웹
PE00220,CUST00082,2019-09-27,15,장바구니담기,모바일웹
PE00221,CUST00083,2025-06-11,10,첫주문,PC웹
PE00222,CUST00083,2025-06-30,29,위시리스트추가,PC웹
PE00223,CUST00084,2020-01-31,3,쿠폰다운로드,모바일웹
PE00224,CUST00084,2020-02-04,7,자동결제등록,모바일웹
PE00225,CUST00084,2020-02-12,15,리뷰작성,모바일웹
PE00226,CUST00084,2020-02-18,21,첫주문,모바일웹
PE00227,CUST00085,2020-06-05,0,첫주문,모바일앱
PE00228,CUST00085,2020-06-06,1,자동결제등록,모바일앱
PE00229,CUST00085,2020-06-08,3,쿠폰다운로드,모바일앱
PE00230,CUST00085,2020-06-11,6,자동결제등록,모바일앱
PE00231,CUST00085,2020-06-11,6,자동결제등록,모바일앱
PE00232,CUST00085,2020-06-17,12,리뷰작성,모바일앱
PE00233,CUST00085,2020-06-26,21,리뷰작성,모바일앱
PE00234,CUST00085,2020-07-04,29,자동결제등록,모바일앱
PE00235,CUST00086,2019-03-23,2,리뷰작성,모바일앱
PE00236,CUST00086,2019-03-27,6,첫주문,모바일앱
PE00237,CUST00086,2019-04-07,17,리뷰작성,모바일앱
PE00238,CUST00086,2019-04-15,25,장바구니담기,모바일앱
PE00239,CUST00086,2019-04-19,29,자동결제등록,모바일앱
PE00240,CUST00088,2025-11-07,0,첫주문,모바일앱
PE00241,CUST00088,2025-11-15,8,리뷰작성,모바일앱
PE00242,CUST00088,2025-11-21,14,위시리스트추가,모바일앱
PE00243,CUST00088,2025-11-27,20,장바구니담기,모바일앱
PE00244,CUST00088,2025-12-05,28,앱푸시동의,모바일앱
PE00245,CUST00090,2022-01-31,1,리뷰작성,모바일앱
PE00246,CUST00090,2022-02-04,5,위시리스트추가,모바일앱
PE00247,CUST00090,2022-02-05,6,첫주문,모바일앱
PE00248,CUST00090,2022-02-10,11,쿠폰다운로드,모바일앱
PE00249,CUST00090,2022-02-17,18,쿠폰다운로드,모바일앱
PE00250,CUST00091,2024-03-28,0,장바구니담기,모바일앱
PE00251,CUST00091,2024-04-02,5,첫주문,모바일앱
PE00252,CUST00091,2024-04-05,8,자동결제등록,모바일앱
PE00253,CUST00092,2021-02-07,6,첫주문,PC웹
PE00254,CUST00093,2023-11-08,2,위시리스트추가,모바일앱
PE00255,CUST00093,2023-11-12,6,첫주문,모바일앱
PE00256,CUST00093,2023-11-26,20,쿠폰다운로드,모바일앱
PE00257,CUST00094,2023-03-06,11,위시리스트추가,모바일웹
PE00258,CUST00094,2023-03-22,27,첫주문,모바일웹
PE00259,CUST00095,2019-02-08,7,장바구니담기,모바일앱
PE00260,CUST00095,2019-02-19,18,첫주문,모바일앱
PE00261,CUST00095,2019-02-23,22,장바구니담기,모바일앱
PE00262,CUST00096,2023-10-07,16,앱푸시동의,모바일앱
PE00263,CUST00096,2023-10-08,17,첫주문,모바일앱
PE00264,CUST00097,2021-07-04,1,첫주문,모바일앱
PE00265,CUST00097,2021-07-17,14,장바구니담기,모바일앱
PE00266,CUST00098,2023-09-19,3,자동결제등록,모바일웹
PE00267,CUST00098,2023-09-21,5,첫주문,모바일웹
PE00268,CUST00098,2023-10-06,20,장바구니담기,모바일웹
PE00269,CUST00099,2021-08-14,4,첫주문,모바일웹
PE00270,CUST00100,2020-08-18,0,장바구니담기,모바일웹
PE00271,CUST00100,2020-08-20,2,첫주문,모바일웹
PE00272,CUST00100,2020-09-04,17,앱푸시동의,모바일웹
PE00273,CUST00100,2020-09-11,24,위시리스트추가,모바일웹
PE00274,CUST00101,2021-06-06,8,앱푸시동의,PC웹
PE00275,CUST00101,2021-06-10,12,첫주문,PC웹
PE00276,CUST00102,2019-02-17,4,첫주문,모바일앱
PE00277,CUST00102,2019-02-27,14,자동결제등록,모바일앱
PE00278,CUST00103,2021-07-05,9,리뷰작성,모바일앱
PE00279,CUST00104,2021-06-04,2,첫주문,모바일웹
PE00280,CUST00105,2023-01-24,0,장바구니담기,모바일웹
PE00281,CUST00105,2023-02-17,24,첫주문,모바일웹
PE00282,CUST00105,2023-02-21,28,리뷰작성,모바일웹
PE00283,CUST00106,2020-04-11,3,첫주문,PC웹
PE00284,CUST00106,2020-04-14,6,장바구니담기,PC웹
PE00285,CUST00107,2025-07-07,4,장바구니담기,모바일웹
PE00286,CUST00107,2025-07-08,5,리뷰작성,모바일웹
PE00287,CUST00107,2025-07-09,6,쿠폰다운로드,모바일웹
PE00288,CUST00107,2025-07-10,7,자동결제등록,모바일웹
PE00289,CUST00107,2025-07-21,18,리뷰작성,모바일웹
PE00290,CUST00107,2025-07-31,28,첫주문,모바일웹
PE00291,CUST00107,2025-07-31,28,장바구니담기,모바일웹
PE00292,CUST00107,2025-07-31,28,리뷰작성,모바일웹
PE00293,CUST00108,2024-01-07,4,첫주문,모바일앱
PE00294,CUST00108,2024-01-19,16,앱푸시동의,모바일앱
PE00295,CUST00109,2024-04-29,2,위시리스트추가,PC웹
PE00296,CUST00109,2024-04-30,3,첫주문,PC웹
PE00297,CUST00109,2024-05-04,7,위시리스트추가,PC웹
PE00298,CUST00109,2024-05-21,24,쿠폰다운로드,PC웹
PE00299,CUST00109,2024-05-26,29,리뷰작성,PC웹
PE00300,CUST00110,2020-05-02,1,쿠폰다운로드,모바일앱
PE00301,CUST00110,2020-05-06,5,첫주문,모바일앱
PE00302,CUST00110,2020-05-10,9,리뷰작성,모바일앱
PE00303,CUST00110,2020-05-14,13,앱푸시동의,모바일앱
PE00304,CUST00110,2020-05-25,24,앱푸시동의,모바일앱
PE00305,CUST00111,2025-01-06,1,첫주문,모바일웹
PE00306,CUST00111,2025-01-06,1,쿠폰다운로드,모바일웹
PE00307,CUST00111,2025-01-15,10,쿠폰다운로드,모바일웹
PE00308,CUST00112,2024-08-22,6,첫주문,모바일앱
PE00309,CUST00113,2021-04-15,10,장바구니담기,PC웹
PE00310,CUST00113,2021-04-18,13,앱푸시동의,PC웹
PE00311,CUST00113,2021-04-23,18,첫주문,PC웹
PE00312,CUST00113,2021-04-30,25,앱푸시동의,PC웹
PE00313,CUST00114,2025-05-20,5,첫주문,모바일앱
PE00314,CUST00114,2025-05-21,6,앱푸시동의,모바일앱
PE00315,CUST00115,2021-04-25,0,첫주문,모바일앱
PE00316,CUST00115,2021-05-04,9,앱푸시동의,모바일앱
PE00317,CUST00115,2021-05-08,13,쿠폰다운로드,모바일앱
PE00318,CUST00115,2021-05-24,29,장바구니담기,모바일앱
PE00319,CUST00116,2025-04-04,3,첫주문,모바일웹
PE00320,CUST00116,2025-04-27,26,장바구니담기,모바일웹
PE00321,CUST00117,2023-11-26,0,첫주문,모바일앱
PE00322,CUST00117,2023-12-04,8,앱푸시동의,모바일앱
PE00323,CUST00118,2020-07-19,2,첫주문,모바일앱
PE00324,CUST00118,2020-07-27,10,앱푸시동의,모바일앱
PE00325,CUST00118,2020-08-02,16,장바구니담기,모바일앱
PE00326,CUST00118,2020-08-04,18,앱푸시동의,모바일앱
PE00327,CUST00118,2020-08-15,29,위시리스트추가,모바일앱
PE00328,CUST00119,2022-06-27,5,첫주문,모바일앱
PE00329,CUST00119,2022-07-19,27,위시리스트추가,모바일앱
PE00330,CUST00120,2024-08-22,2,첫주문,모바일웹
PE00331,CUST00120,2024-08-23,3,장바구니담기,모바일웹
PE00332,CUST00120,2024-08-23,3,자동결제등록,모바일웹
PE00333,CUST00120,2024-09-09,20,앱푸시동의,모바일웹
PE00334,CUST00121,2020-01-07,11,위시리스트추가,모바일웹
PE00335,CUST00121,2020-01-12,16,앱푸시동의,모바일웹
PE00336,CUST00122,2022-07-07,0,첫주문,모바일앱
PE00337,CUST00122,2022-07-13,6,자동결제등록,모바일앱
PE00338,CUST00122,2022-07-16,9,리뷰작성,모바일앱
PE00339,CUST00123,2021-04-12,3,첫주문,모바일앱
PE00340,CUST00123,2021-04-12,3,앱푸시동의,모바일앱
PE00341,CUST00124,2019-04-03,3,첫주문,모바일웹
PE00342,CUST00126,2025-02-05,1,장바구니담기,모바일웹
PE00343,CUST00126,2025-02-06,2,첫주문,모바일웹
PE00344,CUST00127,2022-11-26,6,첫주문,PC웹
PE00345,CUST00127,2022-11-28,8,앱푸시동의,PC웹
PE00346,CUST00127,2022-12-19,29,장바구니담기,PC웹
PE00347,CUST00128,2019-08-05,0,첫주문,모바일웹
PE00348,CUST00128,2019-08-05,0,리뷰작성,모바일웹
PE00349,CUST00128,2019-08-23,18,리뷰작성,모바일웹
PE00350,CUST00130,2023-02-14,1,장바구니담기,모바일앱
PE00351,CUST00130,2023-02-19,6,첫주문,모바일앱
PE00352,CUST00130,2023-02-25,12,리뷰작성,모바일앱
PE00353,CUST00130,2023-03-12,27,장바구니담기,모바일앱
PE00354,CUST00133,2024-01-14,6,첫주문,모바일웹
PE00355,CUST00133,2024-01-16,8,위시리스트추가,모바일웹
PE00356,CUST00133,2024-01-20,12,자동결제등록,모바일웹
PE00357,CUST00133,2024-02-02,25,쿠폰다운로드,모바일웹
PE00358,CUST00134,2025-02-22,0,장바구니담기,모바일웹
PE00359,CUST00134,2025-02-23,1,첫주문,모바일웹
PE00360,CUST00134,2025-02-26,4,리뷰작성,모바일웹
PE00361,CUST00135,2024-04-21,1,위시리스트추가,PC웹
PE00362,CUST00135,2024-04-25,5,첫주문,PC웹
PE00363,CUST00135,2024-05-01,11,장바구니담기,PC웹
PE00364,CUST00136,2021-09-12,2,리뷰작성,모바일앱
PE00365,CUST00136,2021-09-16,6,첫주문,모바일앱
PE00366,CUST00136,2021-10-04,24,자동결제등록,모바일앱
PE00367,CUST00138,2020-06-22,22,리뷰작성,PC웹
PE00368,CUST00140,2020-07-10,13,자동결제등록,모바일웹
PE00369,CUST00140,2020-07-16,19,장바구니담기,모바일웹
PE00370,CUST00140,2020-07-20,23,위시리스트추가,모바일웹
PE00371,CUST00141,2022-12-12,9,앱푸시동의,모바일앱
PE00372,CUST00141,2022-12-26,23,리뷰작성,모바일앱
PE00373,CUST00141,2022-12-28,25,장바구니담기,모바일앱
PE00374,CUST00142,2024-10-21,15,첫주문,모바일앱
PE00375,CUST00142,2024-10-25,19,위시리스트추가,모바일앱
PE00376,CUST00143,2024-11-18,4,쿠폰다운로드,모바일앱
PE00377,CUST00143,2024-12-01,17,자동결제등록,모바일앱
PE00378,CUST00143,2024-12-06,22,첫주문,모바일앱
PE00379,CUST00144,2021-01-19,13,첫주문,모바일앱
PE00380,CUST00144,2021-01-20,14,쿠폰다운로드,모바일앱
PE00381,CUST00145,2024-08-10,3,첫주문,모바일웹
PE00382,CUST00145,2024-09-03,27,위시리스트추가,모바일웹
PE00383,CUST00146,2025-08-07,0,첫주문,모바일앱
PE00384,CUST00147,2024-05-08,3,첫주문,모바일웹
PE00385,CUST00147,2024-05-21,16,장바구니담기,모바일웹
PE00386,CUST00147,2024-05-22,17,앱푸시동의,모바일웹
PE00387,CUST00147,2024-06-01,27,위시리스트추가,모바일웹
PE00388,CUST00148,2022-02-10,3,첫주문,모바일웹
PE00389,CUST00148,2022-02-27,20,위시리스트추가,모바일웹
PE00390,CUST00149,2020-09-18,3,첫주문,모바일앱
PE00391,CUST00149,2020-10-13,28,위시리스트추가,모바일앱
PE00392,CUST00150,2025-11-13,3,첫주문,모바일웹
PE00393,CUST00150,2025-12-01,21,리뷰작성,모바일웹
PE00394,CUST00151,2025-06-03,2,쿠폰다운로드,모바일앱
PE00395,CUST00151,2025-06-17,16,첫주문,모바일앱
PE00396,CUST00151,2025-06-24,23,앱푸시동의,모바일앱
PE00397,CUST00152,2021-04-01,0,장바구니담기,모바일웹
PE00398,CUST00152,2021-04-11,10,첫주문,모바일웹
PE00399,CUST00152,2021-04-14,13,리뷰작성,모바일웹
PE00400,CUST00153,2022-03-29,0,첫주문,모바일앱
PE00401,CUST00153,2022-04-06,8,위시리스트추가,모바일앱
PE00402,CUST00154,2024-04-13,5,첫주문,모바일웹
PE00403,CUST00155,2024-07-13,3,첫주문,PC웹
PE00404,CUST00155,2024-07-14,4,장바구니담기,PC웹
PE00405,CUST00155,2024-07-30,20,리뷰작성,PC웹
PE00406,CUST00156,2019-12-31,4,첫주문,PC웹
PE00407,CUST00156,2019-12-31,4,위시리스트추가,PC웹
PE00408,CUST00156,2020-01-07,11,앱푸시동의,PC웹
PE00409,CUST00156,2020-01-10,14,장바구니담기,PC웹
PE00410,CUST00157,2024-01-05,6,리뷰작성,모바일앱
PE00411,CUST00157,2024-01-12,13,첫주문,모바일앱
PE00412,CUST00157,2024-01-12,13,장바구니담기,모바일앱
PE00413,CUST00157,2024-01-22,23,위시리스트추가,모바일앱
PE00414,CUST00157,2024-01-27,28,장바구니담기,모바일앱
PE00415,CUST00157,2024-01-28,29,장바구니담기,모바일앱
PE00416,CUST00158,2022-06-23,2,위시리스트추가,모바일앱
PE00417,CUST00158,2022-07-07,16,첫주문,모바일앱
PE00418,CUST00159,2022-10-13,0,장바구니담기,PC웹
PE00419,CUST00159,2022-10-17,4,첫주문,PC웹
PE00420,CUST00160,2024-06-29,3,첫주문,모바일웹
PE00421,CUST00160,2024-07-15,19,위시리스트추가,모바일웹
PE00422,CUST00162,2025-09-25,14,앱푸시동의,모바일앱
PE00423,CUST00164,2023-08-09,3,첫주문,모바일웹
PE00424,CUST00164,2023-08-16,10,리뷰작성,모바일웹
PE00425,CUST00165,2019-03-03,15,첫주문,PC웹
PE00426,CUST00165,2019-03-13,25,앱푸시동의,PC웹
PE00427,CUST00166,2020-01-30,1,첫주문,모바일웹
PE00428,CUST00166,2020-02-13,15,장바구니담기,모바일웹
PE00429,CUST00166,2020-02-14,16,앱푸시동의,모바일웹
PE00430,CUST00166,2020-02-18,20,쿠폰다운로드,모바일웹
PE00431,CUST00166,2020-02-22,24,자동결제등록,모바일웹
PE00432,CUST00167,2024-01-23,4,첫주문,PC웹
PE00433,CUST00167,2024-01-27,8,장바구니담기,PC웹
PE00434,CUST00167,2024-02-13,25,리뷰작성,PC웹
PE00435,CUST00168,2022-11-24,0,첫주문,모바일앱
PE00436,CUST00168,2022-11-24,0,리뷰작성,모바일앱
PE00437,CUST00168,2022-12-01,7,쿠폰다운로드,모바일앱
PE00438,CUST00168,2022-12-01,7,자동결제등록,모바일앱
PE00439,CUST00168,2022-12-14,20,장바구니담기,모바일앱
PE00440,CUST00169,2024-11-02,1,첫주문,PC웹
PE00441,CUST00169,2024-11-20,19,쿠폰다운로드,PC웹
PE00442,CUST00169,2024-11-28,27,리뷰작성,PC웹
PE00443,CUST00170,2020-04-11,6,첫주문,모바일웹
PE00444,CUST00171,2022-11-13,3,첫주문,모바일웹
PE00445,CUST00171,2022-11-17,7,앱푸시동의,모바일웹
PE00446,CUST00171,2022-11-28,18,위시리스트추가,모바일웹
PE00447,CUST00171,2022-12-06,26,리뷰작성,모바일웹
PE00448,CUST00171,2022-12-09,29,앱푸시동의,모바일웹
PE00449,CUST00172,2025-02-17,0,첫주문,PC웹
PE00450,CUST00172,2025-02-25,8,자동결제등록,PC웹
PE00451,CUST00173,2022-11-13,4,첫주문,모바일앱
PE00452,CUST00173,2022-12-03,24,위시리스트추가,모바일앱
PE00453,CUST00174,2020-04-22,3,첫주문,모바일앱
PE00454,CUST00174,2020-04-29,10,위시리스트추가,모바일앱
PE00455,CUST00174,2020-05-12,23,앱푸시동의,모바일앱
PE00456,CUST00174,2020-05-15,26,장바구니담기,모바일앱
PE00457,CUST00176,2021-11-14,24,첫주문,모바일웹
PE00458,CUST00177,2021-06-13,1,첫주문,모바일앱
PE00459,CUST00177,2021-06-21,9,쿠폰다운로드,모바일앱
PE00460,CUST00178,2024-08-04,2,쿠폰다운로드,모바일앱
PE00461,CUST00178,2024-08-06,4,첫주문,모바일앱
PE00462,CUST00178,2024-08-08,6,장바구니담기,모바일앱
PE00463,CUST00179,2025-06-30,3,첫주문,모바일웹
PE00464,CUST00179,2025-07-03,6,앱푸시동의,모바일웹
PE00465,CUST00179,2025-07-10,13,앱푸시동의,모바일웹
PE00466,CUST00179,2025-07-13,16,위시리스트추가,모바일웹
PE00467,CUST00179,2025-07-24,27,장바구니담기,모바일웹
PE00468,CUST00179,2025-07-25,28,위시리스트추가,모바일웹
PE00469,CUST00180,2024-03-07,0,장바구니담기,모바일앱
PE00470,CUST00180,2024-03-20,13,자동결제등록,모바일앱
PE00471,CUST00180,2024-03-21,14,쿠폰다운로드,모바일앱
PE00472,CUST00180,2024-03-29,22,첫주문,모바일앱
PE00473,CUST00180,2024-03-29,22,앱푸시동의,모바일앱
PE00474,CUST00180,2024-03-31,24,장바구니담기,모바일앱
PE00475,CUST00181,2021-12-27,1,첫주문,모바일앱
PE00476,CUST00181,2022-01-07,12,장바구니담기,모바일앱
PE00477,CUST00182,2025-05-10,3,첫주문,모바일앱
PE00478,CUST00182,2025-06-02,26,쿠폰다운로드,모바일앱
PE00479,CUST00182,2025-06-03,27,위시리스트추가,모바일앱
PE00480,CUST00183,2021-09-01,6,첫주문,모바일웹
PE00481,CUST00184,2021-04-28,3,장바구니담기,모바일웹
PE00482,CUST00184,2021-05-01,6,첫주문,모바일웹
PE00483,CUST00184,2021-05-01,6,장바구니담기,모바일웹
PE00484,CUST00184,2021-05-12,17,자동결제등록,모바일웹
PE00485,CUST00184,2021-05-24,29,장바구니담기,모바일웹
PE00486,CUST00185,2020-11-03,3,첫주문,모바일웹
PE00487,CUST00185,2020-11-15,15,위시리스트추가,모바일웹
PE00488,CUST00185,2020-11-15,15,자동결제등록,모바일웹
PE00489,CUST00185,2020-11-18,18,리뷰작성,모바일웹
PE00490,CUST00185,2020-11-22,22,자동결제등록,모바일웹
PE00491,CUST00185,2020-11-24,24,앱푸시동의,모바일웹
PE00492,CUST00185,2020-11-25,25,위시리스트추가,모바일웹
PE00493,CUST00185,2020-11-26,26,장바구니담기,모바일웹
PE00494,CUST00186,2023-02-25,5,첫주문,PC웹
PE00495,CUST00186,2023-03-04,12,쿠폰다운로드,PC웹
PE00496,CUST00187,2020-10-03,6,첫주문,모바일웹
PE00497,CUST00188,2020-01-08,0,첫주문,PC웹
PE00498,CUST00188,2020-01-19,11,위시리스트추가,PC웹
PE00499,CUST00188,2020-01-24,16,쿠폰다운로드,PC웹
PE00500,CUST00188,2020-02-04,27,쿠폰다운로드,PC웹
PE00501,CUST00189,2023-04-05,1,첫주문,모바일웹
PE00502,CUST00189,2023-04-08,4,위시리스트추가,모바일웹
PE00503,CUST00190,2019-03-02,2,첫주문,모바일앱
PE00504,CUST00190,2019-03-12,12,앱푸시동의,모바일앱
PE00505,CUST00190,2019-03-15,15,위시리스트추가,모바일앱
PE00506,CUST00192,2019-10-09,8,자동결제등록,모바일앱
PE00507,CUST00192,2019-10-17,16,리뷰작성,모바일앱
PE00508,CUST00193,2019-09-11,9,위시리스트추가,모바일앱
PE00509,CUST00193,2019-09-20,18,앱푸시동의,모바일앱
PE00510,CUST00193,2019-09-21,19,자동결제등록,모바일앱
PE00511,CUST00193,2019-09-25,23,쿠폰다운로드,모바일앱
PE00512,CUST00194,2023-05-09,3,첫주문,PC웹
PE00513,CUST00194,2023-05-09,3,자동결제등록,PC웹
PE00514,CUST00194,2023-05-17,11,쿠폰다운로드,PC웹
PE00515,CUST00195,2019-11-16,0,첫주문,모바일웹
PE00516,CUST00195,2019-11-18,2,위시리스트추가,모바일웹
PE00517,CUST00195,2019-11-24,8,리뷰작성,모바일웹
PE00518,CUST00195,2019-11-29,13,쿠폰다운로드,모바일웹
PE00519,CUST00195,2019-12-07,21,리뷰작성,모바일웹
PE00520,CUST00196,2025-08-02,4,첫주문,모바일앱
PE00521,CUST00196,2025-08-06,8,위시리스트추가,모바일앱
PE00522,CUST00196,2025-08-07,9,위시리스트추가,모바일앱
PE00523,CUST00196,2025-08-15,17,앱푸시동의,모바일앱
PE00524,CUST00196,2025-08-24,26,쿠폰다운로드,모바일앱
PE00525,CUST00197,2020-04-14,0,위시리스트추가,모바일앱
PE00526,CUST00197,2020-04-15,1,장바구니담기,모바일앱
PE00527,CUST00197,2020-04-18,4,첫주문,모바일앱
PE00528,CUST00197,2020-04-26,12,쿠폰다운로드,모바일앱
PE00529,CUST00198,2019-06-26,2,첫주문,모바일앱
PE00530,CUST00198,2019-06-28,4,리뷰작성,모바일앱
PE00531,CUST00198,2019-07-02,8,앱푸시동의,모바일앱
PE00532,CUST00198,2019-07-13,19,앱푸시동의,모바일앱
PE00533,CUST00198,2019-07-23,29,앱푸시동의,모바일앱
PE00534,CUST00199,2022-02-25,6,쿠폰다운로드,모바일웹
PE00535,CUST00199,2022-03-03,12,첫주문,모바일웹
PE00536,CUST00199,2022-03-18,27,자동결제등록,모바일웹
PE00537,CUST00200,2022-12-09,1,첫주문,모바일앱
PE00538,CUST00200,2022-12-12,4,앱푸시동의,모바일앱
PE00539,CUST00200,2022-12-14,6,앱푸시동의,모바일앱
PE00540,CUST00201,2024-03-08,14,리뷰작성,PC웹
PE00541,CUST00201,2024-03-22,28,자동결제등록,PC웹
PE00542,CUST00202,2023-04-21,4,첫주문,모바일앱
PE00543,CUST00202,2023-05-14,27,위시리스트추가,모바일앱
PE00544,CUST00203,2023-06-13,0,쿠폰다운로드,모바일웹
PE00545,CUST00203,2023-06-13,0,리뷰작성,모바일웹
PE00546,CUST00203,2023-06-16,3,첫주문,모바일웹
PE00547,CUST00203,2023-06-16,3,쿠폰다운로드,모바일웹
PE00548,CUST00203,2023-06-28,15,앱푸시동의,모바일웹
PE00549,CUST00203,2023-06-30,17,위시리스트추가,모바일웹
PE00550,CUST00203,2023-07-04,21,리뷰작성,모바일웹
PE00551,CUST00204,2025-08-04,1,장바구니담기,모바일웹
PE00552,CUST00204,2025-08-07,4,첫주문,모바일웹
PE00553,CUST00204,2025-08-18,15,쿠폰다운로드,모바일웹
PE00554,CUST00204,2025-08-29,26,쿠폰다운로드,모바일웹
PE00555,CUST00205,2024-10-08,0,첫주문,PC웹
PE00556,CUST00205,2024-10-18,10,쿠폰다운로드,PC웹
PE00557,CUST00206,2021-08-26,5,첫주문,모바일앱
PE00558,CUST00206,2021-09-11,21,장바구니담기,모바일앱
PE00559,CUST00206,2021-09-12,22,위시리스트추가,모바일앱
PE00560,CUST00206,2021-09-15,25,장바구니담기,모바일앱
PE00561,CUST00207,2023-10-03,0,자동결제등록,PC웹
PE00562,CUST00207,2023-10-06,3,첫주문,PC웹
PE00563,CUST00207,2023-10-11,8,자동결제등록,PC웹
PE00564,CUST00207,2023-10-13,10,자동결제등록,PC웹
PE00565,CUST00207,2023-10-20,17,장바구니담기,PC웹
PE00566,CUST00207,2023-10-24,21,위시리스트추가,PC웹
PE00567,CUST00207,2023-11-01,29,쿠폰다운로드,PC웹
PE00568,CUST00207,2023-11-01,29,자동결제등록,PC웹
PE00569,CUST00208,2024-07-05,5,첫주문,모바일앱
PE00570,CUST00208,2024-07-17,17,쿠폰다운로드,모바일앱
PE00571,CUST00209,2021-12-02,5,첫주문,PC웹
PE00572,CUST00209,2021-12-03,6,장바구니담기,PC웹
PE00573,CUST00209,2021-12-12,15,장바구니담기,PC웹
PE00574,CUST00209,2021-12-20,23,쿠폰다운로드,PC웹
PE00575,CUST00210,2019-09-01,4,첫주문,모바일앱
PE00576,CUST00210,2019-09-02,5,장바구니담기,모바일앱
PE00577,CUST00210,2019-09-07,10,쿠폰다운로드,모바일앱
PE00578,CUST00210,2019-09-13,16,리뷰작성,모바일앱
PE00579,CUST00211,2022-03-18,2,첫주문,모바일웹
PE00580,CUST00211,2022-03-23,7,리뷰작성,모바일웹
PE00581,CUST00212,2022-02-08,3,앱푸시동의,모바일웹
PE00582,CUST00212,2022-02-12,7,첫주문,모바일웹
PE00583,CUST00212,2022-02-14,9,쿠폰다운로드,모바일웹
PE00584,CUST00213,2023-07-18,0,리뷰작성,PC웹
PE00585,CUST00213,2023-07-19,1,첫주문,PC웹
PE00586,CUST00213,2023-07-26,8,앱푸시동의,PC웹
PE00587,CUST00214,2025-07-22,4,첫주문,모바일앱
PE00588,CUST00214,2025-07-23,5,위시리스트추가,모바일앱
PE00589,CUST00214,2025-08-16,29,장바구니담기,모바일앱
PE00590,CUST00215,2020-03-07,2,장바구니담기,모바일앱
PE00591,CUST00215,2020-03-09,4,첫주문,모바일앱
PE00592,CUST00215,2020-03-10,5,자동결제등록,모바일앱
PE00593,CUST00216,2025-01-21,2,앱푸시동의,모바일앱
PE00594,CUST00216,2025-02-03,15,장바구니담기,모바일앱
PE00595,CUST00216,2025-02-05,17,위시리스트추가,모바일앱
PE00596,CUST00216,2025-02-16,28,리뷰작성,모바일앱
PE00597,CUST00217,2022-11-03,7,쿠폰다운로드,PC웹
PE00598,CUST00218,2021-12-22,0,장바구니담기,모바일웹
PE00599,CUST00218,2021-12-28,6,첫주문,모바일웹
PE00600,CUST00218,2021-12-30,8,위시리스트추가,모바일웹
PE00601,CUST00219,2022-04-14,0,첫주문,모바일앱
PE00602,CUST00219,2022-04-18,4,앱푸시동의,모바일앱
PE00603,CUST00219,2022-04-28,14,위시리스트추가,모바일앱
PE00604,CUST00220,2025-09-27,3,첫주문,모바일앱
PE00605,CUST00220,2025-10-08,14,자동결제등록,모바일앱
PE00606,CUST00220,2025-10-11,17,자동결제등록,모바일앱
PE00607,CUST00221,2025-06-17,2,첫주문,모바일웹
PE00608,CUST00221,2025-06-29,14,자동결제등록,모바일웹
PE00609,CUST00221,2025-07-14,29,리뷰작성,모바일웹
PE00610,CUST00223,2020-01-14,0,첫주문,모바일웹
PE00611,CUST00223,2020-01-20,6,자동결제등록,모바일웹
PE00612,CUST00223,2020-01-27,13,리뷰작성,모바일웹
PE00613,CUST00223,2020-01-31,17,리뷰작성,모바일웹
PE00614,CUST00223,2020-02-07,24,위시리스트추가,모바일웹
PE00615,CUST00225,2022-01-05,4,첫주문,PC웹
PE00616,CUST00225,2022-01-07,6,위시리스트추가,PC웹
PE00617,CUST00225,2022-01-24,23,쿠폰다운로드,PC웹
PE00618,CUST00225,2022-01-28,27,장바구니담기,PC웹
PE00619,CUST00226,2022-01-29,4,첫주문,PC웹
PE00620,CUST00226,2022-02-09,15,리뷰작성,PC웹
PE00621,CUST00226,2022-02-15,21,리뷰작성,PC웹
PE00622,CUST00227,2022-03-08,3,쿠폰다운로드,모바일웹
PE00623,CUST00227,2022-03-11,6,첫주문,모바일웹
PE00624,CUST00227,2022-03-16,11,리뷰작성,모바일웹
PE00625,CUST00227,2022-03-22,17,장바구니담기,모바일웹
PE00626,CUST00227,2022-04-03,29,쿠폰다운로드,모바일웹
PE00627,CUST00228,2025-03-29,2,쿠폰다운로드,모바일앱
PE00628,CUST00228,2025-03-30,3,리뷰작성,모바일앱
PE00629,CUST00228,2025-04-25,29,첫주문,모바일앱
PE00630,CUST00229,2021-11-18,1,위시리스트추가,PC웹
PE00631,CUST00229,2021-11-21,4,첫주문,PC웹
PE00632,CUST00229,2021-12-05,18,위시리스트추가,PC웹
PE00633,CUST00229,2021-12-15,28,장바구니담기,PC웹
PE00634,CUST00230,2025-12-09,13,리뷰작성,모바일앱
PE00635,CUST00231,2019-06-06,26,첫주문,모바일앱
PE00636,CUST00231,2019-06-06,26,앱푸시동의,모바일앱
PE00637,CUST00232,2021-02-28,2,리뷰작성,모바일웹
PE00638,CUST00232,2021-03-01,3,첫주문,모바일웹
PE00639,CUST00232,2021-03-15,17,앱푸시동의,모바일웹
PE00640,CUST00233,2021-05-02,4,첫주문,모바일앱
PE00641,CUST00233,2021-05-24,26,자동결제등록,모바일앱
PE00642,CUST00235,2025-10-31,6,첫주문,모바일웹
PE00643,CUST00235,2025-11-08,14,자동결제등록,모바일웹
PE00644,CUST00235,2025-11-17,23,장바구니담기,모바일웹
PE00645,CUST00236,2021-07-15,14,위시리스트추가,모바일앱
PE00646,CUST00236,2021-07-25,24,장바구니담기,모바일앱
PE00647,CUST00237,2024-03-11,24,위시리스트추가,모바일웹
PE00648,CUST00237,2024-03-16,29,첫주문,모바일웹
PE00649,CUST00240,2020-02-01,4,첫주문,PC웹
PE00650,CUST00240,2020-02-08,11,위시리스트추가,PC웹
PE00651,CUST00240,2020-02-23,26,리뷰작성,PC웹
PE00652,CUST00242,2020-03-03,0,첫주문,모바일웹
PE00653,CUST00242,2020-03-09,6,리뷰작성,모바일웹
PE00654,CUST00242,2020-03-10,7,위시리스트추가,모바일웹
PE00655,CUST00242,2020-03-14,11,자동결제등록,모바일웹
PE00656,CUST00243,2019-03-23,1,앱푸시동의,PC웹
PE00657,CUST00243,2019-03-24,2,자동결제등록,PC웹
PE00658,CUST00243,2019-03-27,5,첫주문,PC웹
PE00659,CUST00243,2019-04-09,18,장바구니담기,PC웹
PE00660,CUST00244,2025-08-13,9,장바구니담기,모바일앱
PE00661,CUST00244,2025-08-13,9,위시리스트추가,모바일앱
PE00662,CUST00244,2025-08-17,13,장바구니담기,모바일앱
PE00663,CUST00244,2025-09-02,29,앱푸시동의,모바일앱
PE00664,CUST00245,2020-09-15,2,첫주문,모바일앱
PE00665,CUST00245,2020-09-18,5,장바구니담기,모바일앱
PE00666,CUST00246,2025-12-09,16,위시리스트추가,PC웹
PE00667,CUST00247,2021-06-22,1,첫주문,모바일앱
PE00668,CUST00247,2021-06-22,1,장바구니담기,모바일앱
PE00669,CUST00247,2021-07-05,14,장바구니담기,모바일앱
PE00670,CUST00247,2021-07-19,28,위시리스트추가,모바일앱
PE00671,CUST00248,2020-01-16,3,자동결제등록,PC웹
PE00672,CUST00248,2020-01-28,15,리뷰작성,PC웹
PE00673,CUST00249,2023-09-19,1,첫주문,모바일앱
PE00674,CUST00249,2023-09-20,2,리뷰작성,모바일앱
PE00675,CUST00249,2023-10-08,20,쿠폰다운로드,모바일앱
PE00676,CUST00249,2023-10-15,27,위시리스트추가,모바일앱
PE00677,CUST00249,2023-10-16,28,리뷰작성,모바일앱
PE00678,CUST00250,2021-09-13,26,위시리스트추가,모바일앱
PE00679,CUST00251,2021-09-11,0,첫주문,모바일앱
PE00680,CUST00251,2021-09-28,17,리뷰작성,모바일앱
PE00681,CUST00251,2021-10-02,21,위시리스트추가,모바일앱
PE00682,CUST00253,2023-06-02,4,첫주문,모바일앱
PE00683,CUST00253,2023-06-17,19,쿠폰다운로드,모바일앱
PE00684,CUST00253,2023-06-24,26,자동결제등록,모바일앱
PE00685,CUST00254,2023-06-05,4,앱푸시동의,모바일앱
PE00686,CUST00254,2023-06-07,6,쿠폰다운로드,모바일앱
PE00687,CUST00254,2023-06-12,11,첫주문,모바일앱
PE00688,CUST00254,2023-06-25,24,쿠폰다운로드,모바일앱
PE00689,CUST00256,2024-08-09,1,쿠폰다운로드,모바일웹
PE00690,CUST00257,2019-05-22,0,자동결제등록,모바일웹
PE00691,CUST00257,2019-06-05,14,장바구니담기,모바일웹
PE00692,CUST00257,2019-06-08,17,리뷰작성,모바일웹
PE00693,CUST00257,2019-06-09,18,첫주문,모바일웹
PE00694,CUST00258,2024-06-15,7,쿠폰다운로드,모바일앱
PE00695,CUST00259,2022-12-03,23,앱푸시동의,모바일웹
PE00696,CUST00260,2020-09-29,4,장바구니담기,모바일앱
PE00697,CUST00260,2020-10-04,9,장바구니담기,모바일앱
PE00698,CUST00260,2020-10-12,17,쿠폰다운로드,모바일앱
PE00699,CUST00261,2022-05-23,0,첫주문,PC웹
PE00700,CUST00262,2021-04-14,3,리뷰작성,모바일웹
PE00701,CUST00262,2021-04-17,6,앱푸시동의,모바일웹
PE00702,CUST00262,2021-05-10,29,장바구니담기,모바일웹
PE00703,CUST00263,2022-08-17,25,장바구니담기,모바일웹
PE00704,CUST00263,2022-08-19,27,첫주문,모바일웹
PE00705,CUST00264,2025-07-06,8,첫주문,모바일웹
PE00706,CUST00264,2025-07-06,8,앱푸시동의,모바일웹
PE00707,CUST00264,2025-07-15,17,위시리스트추가,모바일웹
PE00708,CUST00264,2025-07-17,19,앱푸시동의,모바일웹
PE00709,CUST00264,2025-07-24,26,장바구니담기,모바일웹
PE00710,CUST00265,2019-10-08,1,첫주문,모바일웹
PE00711,CUST00265,2019-10-23,16,쿠폰다운로드,모바일웹
PE00712,CUST00265,2019-10-24,17,앱푸시동의,모바일웹
PE00713,CUST00266,2019-06-11,4,첫주문,PC웹
PE00714,CUST00266,2019-06-30,23,장바구니담기,PC웹
PE00715,CUST00267,2020-02-26,5,첫주문,모바일앱
PE00716,CUST00267,2020-03-07,15,장바구니담기,모바일앱
PE00717,CUST00267,2020-03-14,22,자동결제등록,모바일앱
PE00718,CUST00268,2023-11-07,0,첫주문,모바일앱
PE00719,CUST00268,2023-11-15,8,자동결제등록,모바일앱
PE00720,CUST00268,2023-12-01,24,위시리스트추가,모바일앱
PE00721,CUST00269,2025-07-06,4,첫주문,모바일웹
PE00722,CUST00270,2025-10-08,3,리뷰작성,모바일앱
PE00723,CUST00270,2025-10-11,6,첫주문,모바일앱
PE00724,CUST00270,2025-10-14,9,리뷰작성,모바일앱
PE00725,CUST00270,2025-10-31,26,앱푸시동의,모바일앱
PE00726,CUST00271,2023-04-06,3,첫주문,모바일앱
PE00727,CUST00271,2023-04-16,13,리뷰작성,모바일앱
PE00728,CUST00271,2023-04-21,18,리뷰작성,모바일앱
PE00729,CUST00272,2022-11-22,2,첫주문,모바일웹
PE00730,CUST00272,2022-11-23,3,자동결제등록,모바일웹
PE00731,CUST00272,2022-11-27,7,앱푸시동의,모바일웹
PE00732,CUST00272,2022-12-11,21,리뷰작성,모바일웹
PE00733,CUST00273,2022-05-05,0,앱푸시동의,모바일앱
PE00734,CUST00273,2022-05-09,4,첫주문,모바일앱
PE00735,CUST00274,2023-03-03,1,리뷰작성,모바일앱
PE00736,CUST00274,2023-03-06,4,첫주문,모바일앱
PE00737,CUST00274,2023-03-08,6,자동결제등록,모바일앱
PE00738,CUST00275,2024-09-25,1,첫주문,모바일앱
PE00739,CUST00275,2024-09-26,2,리뷰작성,모바일앱
PE00740,CUST00275,2024-10-14,20,위시리스트추가,모바일앱
PE00741,CUST00275,2024-10-18,24,앱푸시동의,모바일앱
PE00742,CUST00275,2024-10-20,26,리뷰작성,모바일앱
PE00743,CUST00276,2023-01-16,2,첫주문,모바일웹
PE00744,CUST00276,2023-01-21,7,앱푸시동의,모바일웹
PE00745,CUST00277,2024-05-15,7,첫주문,모바일앱
PE00746,CUST00278,2023-11-17,3,위시리스트추가,모바일웹
PE00747,CUST00278,2023-12-03,19,위시리스트추가,모바일웹
PE00748,CUST00278,2023-12-07,23,자동결제등록,모바일웹
PE00749,CUST00278,2023-12-13,29,앱푸시동의,모바일웹
PE00750,CUST00280,2025-01-02,1,첫주문,모바일앱
PE00751,CUST00280,2025-01-05,4,쿠폰다운로드,모바일앱
PE00752,CUST00280,2025-01-14,13,앱푸시동의,모바일앱
PE00753,CUST00281,2022-03-18,2,위시리스트추가,모바일앱
PE00754,CUST00281,2022-03-21,5,첫주문,모바일앱
PE00755,CUST00281,2022-04-02,17,앱푸시동의,모바일앱
PE00756,CUST00282,2022-01-07,2,첫주문,모바일웹
PE00757,CUST00282,2022-01-07,2,장바구니담기,모바일웹
PE00758,CUST00283,2023-10-14,14,리뷰작성,PC웹
PE00759,CUST00283,2023-10-16,16,장바구니담기,PC웹
PE00760,CUST00283,2023-10-18,18,첫주문,PC웹
PE00761,CUST00283,2023-10-27,27,앱푸시동의,PC웹
PE00762,CUST00283,2023-10-28,28,리뷰작성,PC웹
PE00763,CUST00284,2023-02-03,4,첫주문,모바일앱
PE00764,CUST00284,2023-02-03,4,앱푸시동의,모바일앱
PE00765,CUST00285,2022-05-11,1,첫주문,모바일앱
PE00766,CUST00285,2022-06-03,24,위시리스트추가,모바일앱
PE00767,CUST00286,2022-10-06,0,첫주문,PC웹
PE00768,CUST00286,2022-10-08,2,쿠폰다운로드,PC웹
PE00769,CUST00286,2022-11-04,29,앱푸시동의,PC웹
PE00770,CUST00287,2023-10-16,3,장바구니담기,모바일앱
PE00771,CUST00287,2023-11-08,26,앱푸시동의,모바일앱
PE00772,CUST00288,2019-06-17,10,리뷰작성,모바일앱
PE00773,CUST00288,2019-07-05,28,첫주문,모바일앱
PE00774,CUST00289,2025-02-06,0,첫주문,모바일웹
PE00775,CUST00289,2025-02-24,18,장바구니담기,모바일웹
PE00776,CUST00289,2025-02-28,22,앱푸시동의,모바일웹
PE00777,CUST00290,2024-07-27,6,첫주문,PC웹
PE00778,CUST00290,2024-08-07,17,앱푸시동의,PC웹
PE00779,CUST00291,2021-06-07,2,첫주문,모바일웹
PE00780,CUST00291,2021-06-18,13,앱푸시동의,모바일웹
PE00781,CUST00291,2021-06-23,18,앱푸시동의,모바일웹
PE00782,CUST00291,2021-06-28,23,쿠폰다운로드,모바일웹
PE00783,CUST00292,2022-07-23,1,첫주문,모바일앱
PE00784,CUST00292,2022-07-27,5,쿠폰다운로드,모바일앱
PE00785,CUST00292,2022-08-15,24,위시리스트추가,모바일앱
PE00786,CUST00293,2020-08-15,14,리뷰작성,모바일앱
PE00787,CUST00293,2020-08-28,27,장바구니담기,모바일앱
PE00788,CUST00294,2021-06-03,0,첫주문,모바일앱
PE00789,CUST00294,2021-06-16,13,자동결제등록,모바일앱
PE00790,CUST00295,2020-08-24,2,리뷰작성,모바일웹
PE00791,CUST00295,2020-09-08,17,위시리스트추가,모바일웹
PE00792,CUST00295,2020-09-10,19,앱푸시동의,모바일웹
PE00793,CUST00296,2019-02-17,4,첫주문,PC웹
PE00794,CUST00296,2019-02-28,15,앱푸시동의,PC웹
PE00795,CUST00297,2023-05-21,1,첫주문,모바일앱
PE00796,CUST00297,2023-06-04,15,장바구니담기,모바일앱
PE00797,CUST00298,2021-10-03,1,장바구니담기,PC웹
PE00798,CUST00298,2021-10-06,4,첫주문,PC웹
PE00799,CUST00298,2021-10-08,6,위시리스트추가,PC웹
PE00800,CUST00300,2024-09-06,1,자동결제등록,모바일웹
PE00801,CUST00300,2024-09-09,4,첫주문,모바일웹
PE00802,CUST00300,2024-10-04,29,장바구니담기,모바일웹
PE00803,CUST00301,2024-11-15,1,첫주문,PC웹
PE00804,CUST00301,2024-11-19,5,쿠폰다운로드,PC웹
PE00805,CUST00301,2024-11-24,10,위시리스트추가,PC웹
PE00806,CUST00301,2024-11-29,15,위시리스트추가,PC웹
PE00807,CUST00301,2024-12-03,19,쿠폰다운로드,PC웹
PE00808,CUST00301,2024-12-07,23,자동결제등록,PC웹
PE00809,CUST00302,2023-01-29,4,장바구니담기,모바일앱
PE00810,CUST00302,2023-02-18,24,첫주문,모바일앱
PE00811,CUST00304,2022-10-28,9,첫주문,모바일앱
PE00812,CUST00305,2023-08-30,1,앱푸시동의,모바일웹
PE00813,CUST00305,2023-09-02,4,첫주문,모바일웹
PE00814,CUST00305,2023-09-03,5,장바구니담기,모바일웹
PE00815,CUST00305,2023-09-16,18,앱푸시동의,모바일웹
PE00816,CUST00306,2019-12-31,3,첫주문,모바일앱
PE00817,CUST00306,2020-01-15,18,자동결제등록,모바일앱
PE00818,CUST00306,2020-01-23,26,위시리스트추가,모바일앱
PE00819,CUST00307,2022-11-14,5,첫주문,모바일웹
PE00820,CUST00307,2022-12-06,27,앱푸시동의,모바일웹
PE00821,CUST00309,2023-12-05,3,첫주문,모바일앱
PE00822,CUST00309,2023-12-13,11,쿠폰다운로드,모바일앱
PE00823,CUST00310,2019-08-09,6,첫주문,모바일앱
PE00824,CUST00310,2019-08-28,25,앱푸시동의,모바일앱
PE00825,CUST00311,2025-07-11,4,위시리스트추가,모바일앱
PE00826,CUST00311,2025-07-13,6,첫주문,모바일앱
PE00827,CUST00311,2025-07-15,8,자동결제등록,모바일앱
PE00828,CUST00311,2025-07-20,13,자동결제등록,모바일앱
PE00829,CUST00311,2025-07-22,15,앱푸시동의,모바일앱
PE00830,CUST00311,2025-08-04,28,위시리스트추가,모바일앱
PE00831,CUST00313,2023-07-03,1,첫주문,모바일앱
PE00832,CUST00313,2023-07-17,15,위시리스트추가,모바일앱
PE00833,CUST00313,2023-07-25,23,위시리스트추가,모바일앱
PE00834,CUST00314,2024-09-25,2,첫주문,모바일앱
PE00835,CUST00314,2024-09-27,4,위시리스트추가,모바일앱
PE00836,CUST00315,2021-12-23,12,첫주문,PC웹
PE00837,CUST00315,2021-12-24,13,앱푸시동의,PC웹
PE00838,CUST00315,2021-12-30,19,리뷰작성,PC웹
PE00839,CUST00315,2022-01-08,28,위시리스트추가,PC웹
PE00840,CUST00317,2019-04-15,0,첫주문,모바일앱
PE00841,CUST00317,2019-05-06,21,위시리스트추가,모바일앱
PE00842,CUST00318,2021-01-02,4,첫주문,PC웹
PE00843,CUST00318,2021-01-18,20,앱푸시동의,PC웹
PE00844,CUST00319,2025-12-12,3,첫주문,모바일앱
PE00845,CUST00319,2025-12-14,5,앱푸시동의,모바일앱
PE00846,CUST00319,2025-12-15,6,위시리스트추가,모바일앱
PE00847,CUST00319,2025-12-24,15,쿠폰다운로드,모바일앱
PE00848,CUST00320,2020-11-17,0,첫주문,모바일앱
PE00849,CUST00320,2020-11-22,5,위시리스트추가,모바일앱
PE00850,CUST00320,2020-12-08,21,위시리스트추가,모바일앱
PE00851,CUST00321,2023-10-01,8,첫주문,모바일앱
PE00852,CUST00321,2023-10-01,8,위시리스트추가,모바일앱
PE00853,CUST00322,2022-06-28,6,첫주문,모바일앱
PE00854,CUST00322,2022-07-14,22,쿠폰다운로드,모바일앱
PE00855,CUST00323,2020-12-02,1,첫주문,모바일앱
PE00856,CUST00323,2020-12-10,9,앱푸시동의,모바일앱
PE00857,CUST00323,2020-12-16,15,리뷰작성,모바일앱
PE00858,CUST00324,2022-07-22,4,첫주문,모바일웹
PE00859,CUST00324,2022-07-28,10,쿠폰다운로드,모바일웹
PE00860,CUST00324,2022-08-09,22,장바구니담기,모바일웹
PE00861,CUST00325,2024-07-02,0,앱푸시동의,모바일앱
PE00862,CUST00325,2024-07-12,10,장바구니담기,모바일앱
PE00863,CUST00325,2024-07-22,20,자동결제등록,모바일앱
PE00864,CUST00326,2021-04-19,5,첫주문,모바일앱
PE00865,CUST00326,2021-04-23,9,쿠폰다운로드,모바일앱
PE00866,CUST00326,2021-05-07,23,리뷰작성,모바일앱
PE00867,CUST00326,2021-05-13,29,쿠폰다운로드,모바일앱
PE00868,CUST00327,2023-01-29,0,첫주문,모바일앱
PE00869,CUST00327,2023-02-01,3,장바구니담기,모바일앱
PE00870,CUST00328,2020-08-14,1,첫주문,모바일웹
PE00871,CUST00328,2020-08-19,6,장바구니담기,모바일웹
PE00872,CUST00328,2020-08-29,16,쿠폰다운로드,모바일웹
PE00873,CUST00328,2020-08-31,18,자동결제등록,모바일웹
PE00874,CUST00328,2020-09-08,26,쿠폰다운로드,모바일웹
PE00875,CUST00329,2021-01-16,3,첫주문,모바일앱
PE00876,CUST00329,2021-01-23,10,장바구니담기,모바일앱
PE00877,CUST00329,2021-02-03,21,리뷰작성,모바일앱
PE00878,CUST00330,2021-03-27,4,쿠폰다운로드,모바일앱
PE00879,CUST00330,2021-04-08,16,첫주문,모바일앱
PE00880,CUST00331,2020-09-29,6,첫주문,모바일웹
PE00881,CUST00331,2020-09-29,6,앱푸시동의,모바일웹
PE00882,CUST00331,2020-10-02,9,리뷰작성,모바일웹
PE00883,CUST00331,2020-10-15,22,앱푸시동의,모바일웹
PE00884,CUST00331,2020-10-16,23,리뷰작성,모바일웹
PE00885,CUST00332,2019-02-20,0,첫주문,모바일웹
PE00886,CUST00332,2019-03-10,18,위시리스트추가,모바일웹
PE00887,CUST00333,2022-04-03,8,위시리스트추가,모바일앱
PE00888,CUST00335,2020-03-10,0,첫주문,모바일웹
PE00889,CUST00335,2020-03-21,11,쿠폰다운로드,모바일웹
PE00890,CUST00335,2020-04-01,22,장바구니담기,모바일웹
PE00891,CUST00335,2020-04-07,28,리뷰작성,모바일웹
PE00892,CUST00336,2023-06-17,1,첫주문,모바일앱
PE00893,CUST00336,2023-06-23,7,자동결제등록,모바일앱
PE00894,CUST00336,2023-06-29,13,장바구니담기,모바일앱
PE00895,CUST00336,2023-06-30,14,앱푸시동의,모바일앱
PE00896,CUST00337,2024-05-19,6,장바구니담기,모바일웹
PE00897,CUST00337,2024-05-26,13,자동결제등록,모바일웹
PE00898,CUST00337,2024-06-04,22,쿠폰다운로드,모바일웹
PE00899,CUST00337,2024-06-06,24,앱푸시동의,모바일웹
PE00900,CUST00337,2024-06-07,25,위시리스트추가,모바일웹
PE00901,CUST00338,2019-07-10,3,첫주문,모바일앱
PE00902,CUST00339,2022-07-04,3,첫주문,PC웹
PE00903,CUST00339,2022-07-21,20,위시리스트추가,PC웹
PE00904,CUST00339,2022-07-22,21,앱푸시동의,PC웹
PE00905,CUST00339,2022-07-28,27,자동결제등록,PC웹
PE00906,CUST00340,2019-12-04,5,첫주문,모바일웹
PE00907,CUST00340,2019-12-21,22,위시리스트추가,모바일웹
PE00908,CUST00341,2025-12-08,1,첫주문,모바일웹
PE00909,CUST00341,2026-01-03,27,자동결제등록,모바일웹
PE00910,CUST00342,2023-10-25,3,첫주문,모바일앱
PE00911,CUST00342,2023-11-08,17,장바구니담기,모바일앱
PE00912,CUST00342,2023-11-20,29,자동결제등록,모바일앱
PE00913,CUST00343,2019-10-23,5,위시리스트추가,모바일웹
PE00914,CUST00343,2019-10-24,6,첫주문,모바일웹
PE00915,CUST00343,2019-10-29,11,위시리스트추가,모바일웹
PE00916,CUST00343,2019-11-08,21,앱푸시동의,모바일웹
PE00917,CUST00344,2019-09-14,0,첫주문,모바일앱
PE00918,CUST00344,2019-09-15,1,장바구니담기,모바일앱
PE00919,CUST00344,2019-09-26,12,장바구니담기,모바일앱
PE00920,CUST00345,2019-05-17,4,첫주문,PC웹
PE00921,CUST00346,2023-08-18,3,첫주문,모바일앱
PE00922,CUST00346,2023-08-22,7,위시리스트추가,모바일앱
PE00923,CUST00347,2020-10-11,6,첫주문,모바일앱
PE00924,CUST00347,2020-10-11,6,위시리스트추가,모바일앱
PE00925,CUST00347,2020-10-12,7,리뷰작성,모바일앱
PE00926,CUST00347,2020-10-19,14,자동결제등록,모바일앱
PE00927,CUST00347,2020-10-28,23,쿠폰다운로드,모바일앱
PE00928,CUST00347,2020-10-31,26,앱푸시동의,모바일앱
PE00929,CUST00348,2022-04-29,5,첫주문,PC웹
PE00930,CUST00348,2022-05-14,20,리뷰작성,PC웹
PE00931,CUST00349,2023-04-10,5,첫주문,모바일웹
PE00932,CUST00349,2023-04-18,13,장바구니담기,모바일웹
PE00933,CUST00349,2023-04-21,16,앱푸시동의,모바일웹
PE00934,CUST00350,2021-11-28,4,장바구니담기,모바일앱
PE00935,CUST00350,2021-11-30,6,첫주문,모바일앱
PE00936,CUST00350,2021-12-19,25,장바구니담기,모바일앱
PE00937,CUST00350,2021-12-23,29,앱푸시동의,모바일앱
PE00938,CUST00351,2023-03-08,3,자동결제등록,모바일웹
PE00939,CUST00351,2023-03-11,6,첫주문,모바일웹
PE00940,CUST00351,2023-03-13,8,쿠폰다운로드,모바일웹
PE00941,CUST00352,2025-08-11,15,앱푸시동의,모바일앱
PE00942,CUST00352,2025-08-18,22,앱푸시동의,모바일앱
PE00943,CUST00353,2025-01-23,3,첫주문,모바일웹
PE00944,CUST00353,2025-01-25,5,앱푸시동의,모바일웹
PE00945,CUST00353,2025-02-01,12,쿠폰다운로드,모바일웹
PE00946,CUST00353,2025-02-16,27,앱푸시동의,모바일웹
PE00947,CUST00354,2019-01-17,0,첫주문,모바일웹
PE00948,CUST00354,2019-01-28,11,자동결제등록,모바일웹
PE00949,CUST00354,2019-02-11,25,장바구니담기,모바일웹
PE00950,CUST00355,2019-09-30,1,리뷰작성,모바일웹
PE00951,CUST00355,2019-10-01,2,첫주문,모바일웹
PE00952,CUST00355,2019-10-16,17,위시리스트추가,모바일웹
PE00953,CUST00355,2019-10-28,29,앱푸시동의,모바일웹
PE00954,CUST00356,2023-09-19,1,첫주문,모바일앱
PE00955,CUST00356,2023-09-29,11,리뷰작성,모바일앱
PE00956,CUST00356,2023-10-08,20,장바구니담기,모바일앱
PE00957,CUST00356,2023-10-08,20,자동결제등록,모바일앱
PE00958,CUST00356,2023-10-13,25,위시리스트추가,모바일앱
PE00959,CUST00356,2023-10-14,26,앱푸시동의,모바일앱
PE00960,CUST00356,2023-10-16,28,앱푸시동의,모바일앱
PE00961,CUST00357,2025-08-19,2,리뷰작성,모바일웹
PE00962,CUST00357,2025-08-20,3,장바구니담기,모바일웹
PE00963,CUST00357,2025-08-21,4,첫주문,모바일웹
PE00964,CUST00358,2021-04-16,1,첫주문,모바일앱
PE00965,CUST00358,2021-05-08,23,장바구니담기,모바일앱
PE00966,CUST00359,2022-08-06,5,첫주문,모바일앱
PE00967,CUST00359,2022-08-19,18,리뷰작성,모바일앱
PE00968,CUST00359,2022-08-30,29,위시리스트추가,모바일앱
PE00969,CUST00360,2024-01-24,5,첫주문,PC웹
PE00970,CUST00360,2024-01-28,9,위시리스트추가,PC웹
PE00971,CUST00360,2024-01-31,12,리뷰작성,PC웹
PE00972,CUST00360,2024-02-07,19,장바구니담기,PC웹
PE00973,CUST00361,2021-11-09,11,첫주문,모바일웹
PE00974,CUST00361,2021-11-13,15,앱푸시동의,모바일웹
PE00975,CUST00361,2021-11-15,17,리뷰작성,모바일웹
PE00976,CUST00361,2021-11-20,22,장바구니담기,모바일웹
PE00977,CUST00361,2021-11-23,25,앱푸시동의,모바일웹
PE00978,CUST00362,2020-02-27,0,리뷰작성,모바일앱
PE00979,CUST00362,2020-02-28,1,앱푸시동의,모바일앱
PE00980,CUST00362,2020-03-01,3,첫주문,모바일앱
PE00981,CUST00362,2020-03-07,9,장바구니담기,모바일앱
PE00982,CUST00362,2020-03-14,16,앱푸시동의,모바일앱
PE00983,CUST00362,2020-03-24,26,자동결제등록,모바일앱
PE00984,CUST00363,2021-07-01,7,장바구니담기,모바일앱
PE00985,CUST00363,2021-07-06,12,쿠폰다운로드,모바일앱
PE00986,CUST00363,2021-07-15,21,앱푸시동의,모바일앱
PE00987,CUST00363,2021-07-17,23,첫주문,모바일앱
PE00988,CUST00364,2022-02-10,2,첫주문,모바일웹
PE00989,CUST00365,2025-03-10,1,위시리스트추가,모바일웹
PE00990,CUST00365,2025-03-14,5,장바구니담기,모바일웹
PE00991,CUST00365,2025-03-22,13,앱푸시동의,모바일웹
PE00992,CUST00365,2025-03-29,20,첫주문,모바일웹
PE00993,CUST00366,2024-09-22,1,쿠폰다운로드,모바일앱
PE00994,CUST00366,2024-09-26,5,첫주문,모바일앱
PE00995,CUST00367,2025-09-17,0,첫주문,모바일웹
PE00996,CUST00368,2024-11-22,3,첫주문,PC웹
PE00997,CUST00368,2024-11-25,6,리뷰작성,PC웹
PE00998,CUST00368,2024-12-02,13,앱푸시동의,PC웹
PE00999,CUST00368,2024-12-14,25,장바구니담기,PC웹
PE01000,CUST00369,2024-06-05,0,첫주문,모바일웹
PE01001,CUST00369,2024-06-10,5,자동결제등록,모바일웹
PE01002,CUST00369,2024-06-27,22,쿠폰다운로드,모바일웹
PE01003,CUST00369,2024-07-01,26,장바구니담기,모바일웹
PE01004,CUST00370,2024-07-07,4,첫주문,모바일앱
PE01005,CUST00370,2024-07-22,19,장바구니담기,모바일앱
PE01006,CUST00371,2019-02-03,1,리뷰작성,모바일웹
PE01007,CUST00371,2019-02-08,6,첫주문,모바일웹
PE01008,CUST00371,2019-02-26,24,리뷰작성,모바일웹
PE01009,CUST00372,2025-08-02,6,첫주문,모바일앱
PE01010,CUST00372,2025-08-04,8,리뷰작성,모바일앱
PE01011,CUST00372,2025-08-05,9,자동결제등록,모바일앱
PE01012,CUST00372,2025-08-09,13,리뷰작성,모바일앱
PE01013,CUST00373,2021-07-12,6,첫주문,모바일앱
PE01014,CUST00373,2021-07-14,8,리뷰작성,모바일앱
PE01015,CUST00373,2021-07-16,10,리뷰작성,모바일앱
PE01016,CUST00374,2021-09-11,15,위시리스트추가,모바일앱
PE01017,CUST00375,2025-02-28,7,첫주문,모바일앱
PE01018,CUST00375,2025-03-08,15,자동결제등록,모바일앱
PE01019,CUST00375,2025-03-13,20,쿠폰다운로드,모바일앱
PE01020,CUST00376,2021-12-02,1,첫주문,모바일앱
PE01021,CUST00376,2021-12-02,1,위시리스트추가,모바일앱
PE01022,CUST00376,2021-12-13,12,쿠폰다운로드,모바일앱
PE01023,CUST00376,2021-12-30,29,쿠폰다운로드,모바일앱
PE01024,CUST00377,2021-10-27,2,첫주문,모바일앱
PE01025,CUST00377,2021-11-02,8,쿠폰다운로드,모바일앱
PE01026,CUST00377,2021-11-03,9,리뷰작성,모바일앱
PE01027,CUST00377,2021-11-09,15,자동결제등록,모바일앱
PE01028,CUST00377,2021-11-22,28,장바구니담기,모바일앱
PE01029,CUST00378,2024-06-24,12,위시리스트추가,모바일앱
PE01030,CUST00378,2024-07-06,24,첫주문,모바일앱
PE01031,CUST00379,2024-01-17,3,첫주문,모바일앱
PE01032,CUST00379,2024-01-27,13,앱푸시동의,모바일앱
PE01033,CUST00379,2024-02-11,28,장바구니담기,모바일앱
PE01034,CUST00380,2019-11-13,0,위시리스트추가,모바일웹
PE01035,CUST00380,2019-11-16,3,첫주문,모바일웹
PE01036,CUST00380,2019-11-19,6,자동결제등록,모바일웹
PE01037,CUST00380,2019-11-22,9,장바구니담기,모바일웹
PE01038,CUST00380,2019-11-27,14,장바구니담기,모바일웹
PE01039,CUST00381,2021-03-29,3,첫주문,모바일웹
PE01040,CUST00381,2021-04-08,13,앱푸시동의,모바일웹
PE01041,CUST00381,2021-04-18,23,장바구니담기,모바일웹
PE01042,CUST00382,2019-12-23,2,앱푸시동의,PC웹
PE01043,CUST00382,2019-12-26,5,첫주문,PC웹
PE01044,CUST00382,2019-12-28,7,자동결제등록,PC웹
PE01045,CUST00382,2020-01-07,17,앱푸시동의,PC웹
PE01046,CUST00382,2020-01-18,28,앱푸시동의,PC웹
PE01047,CUST00383,2024-01-14,6,첫주문,PC웹
PE01048,CUST00383,2024-01-20,12,위시리스트추가,PC웹
PE01049,CUST00383,2024-02-03,26,리뷰작성,PC웹
PE01050,CUST00384,2020-07-25,3,첫주문,모바일앱
PE01051,CUST00384,2020-07-27,5,리뷰작성,모바일앱
PE01052,CUST00384,2020-07-28,6,자동결제등록,모바일앱
PE01053,CUST00384,2020-08-13,22,위시리스트추가,모바일앱
PE01054,CUST00386,2020-03-12,1,쿠폰다운로드,모바일앱
PE01055,CUST00386,2020-03-17,6,첫주문,모바일앱
PE01056,CUST00386,2020-03-30,19,위시리스트추가,모바일앱
PE01057,CUST00386,2020-04-01,21,쿠폰다운로드,모바일앱
PE01058,CUST00388,2025-01-16,1,위시리스트추가,모바일앱
PE01059,CUST00388,2025-01-24,9,앱푸시동의,모바일앱
PE01060,CUST00389,2021-06-26,0,리뷰작성,PC웹
PE01061,CUST00389,2021-07-04,8,리뷰작성,PC웹
PE01062,CUST00389,2021-07-24,28,쿠폰다운로드,PC웹
PE01063,CUST00390,2025-05-01,6,첫주문,모바일앱
PE01064,CUST00390,2025-05-12,17,쿠폰다운로드,모바일앱
PE01065,CUST00391,2022-02-18,5,첫주문,PC웹
PE01066,CUST00391,2022-02-21,8,장바구니담기,PC웹
PE01067,CUST00391,2022-03-05,20,위시리스트추가,PC웹
PE01068,CUST00392,2025-04-17,12,쿠폰다운로드,모바일앱
PE01069,CUST00392,2025-04-19,14,자동결제등록,모바일앱
PE01070,CUST00392,2025-04-27,22,쿠폰다운로드,모바일앱
PE01071,CUST00392,2025-04-29,24,리뷰작성,모바일앱
PE01072,CUST00392,2025-05-04,29,장바구니담기,모바일앱
PE01073,CUST00393,2021-04-06,10,쿠폰다운로드,모바일앱
PE01074,CUST00393,2021-04-12,16,위시리스트추가,모바일앱
PE01075,CUST00393,2021-04-15,19,리뷰작성,모바일앱
PE01076,CUST00393,2021-04-15,19,앱푸시동의,모바일앱
PE01077,CUST00394,2020-10-14,0,자동결제등록,모바일웹
PE01078,CUST00394,2020-10-15,1,첫주문,모바일웹
PE01079,CUST00395,2025-12-03,1,첫주문,모바일앱
PE01080,CUST00395,2025-12-26,24,위시리스트추가,모바일앱
PE01081,CUST00395,2025-12-31,29,자동결제등록,모바일앱
PE01082,CUST00396,2021-10-06,4,리뷰작성,모바일앱
PE01083,CUST00396,2021-10-14,12,장바구니담기,모바일앱
PE01084,CUST00396,2021-10-18,16,장바구니담기,모바일앱
PE01085,CUST00396,2021-10-20,18,첫주문,모바일앱
PE01086,CUST00396,2021-10-28,26,앱푸시동의,모바일앱
PE01087,CUST00397,2020-02-27,1,자동결제등록,PC웹
PE01088,CUST00397,2020-03-05,8,쿠폰다운로드,PC웹
PE01089,CUST00397,2020-03-17,20,쿠폰다운로드,PC웹
PE01090,CUST00398,2021-02-19,5,쿠폰다운로드,모바일웹
PE01091,CUST00398,2021-02-27,13,첫주문,모바일웹
PE01092,CUST00398,2021-03-11,25,앱푸시동의,모바일웹
PE01093,CUST00399,2020-03-23,6,리뷰작성,모바일웹
PE01094,CUST00399,2020-03-28,11,쿠폰다운로드,모바일웹
PE01095,CUST00400,2022-06-05,0,첫주문,모바일앱
PE01096,CUST00400,2022-06-05,0,리뷰작성,모바일앱
PE01097,CUST00400,2022-06-15,10,자동결제등록,모바일앱
PE01098,CUST00400,2022-06-23,18,앱푸시동의,모바일앱
