satisfaction_id,consult_id,customer_id,survey_date,csat,nps,comment
ESAT00001,ECON00001,CUST00356,2025-10-16,4,7,
ESAT00002,ECON00002,CUST00356,2025-03-18,3,5,
ESAT00003,ECON00003,CUST00356,2025-09-08,3,4,
ESAT00004,ECON00004,CUST00356,2024-01-07,4,8,기대 이상으로 만족스러웠습니다.
ESAT00005,ECON00005,CUST00356,2024-08-13,2,2,기대보다 별로였어요.
ESAT00006,ECON00006,CUST00109,2024-11-20,4,9,기대 이상으로 만족스러웠습니다.
ESAT00007,ECON00007,CUST00009,2025-05-25,2,3,
ESAT00008,ECON00008,CUST00009,2025-11-23,2,5,
ESAT00009,ECON00009,CUST00141,2024-06-04,1,1,
ESAT00010,ECON00010,CUST00141,2025-03-18,5,10,문제가 깔끔하게 해결됐어요.
ESAT00011,ECON00011,CUST00141,2024-08-24,5,10,기대 이상으로 만족스러웠습니다.
ESAT00012,ECON00012,CUST00040,2024-01-22,5,9,
ESAT00013,ECON00013,CUST00040,2025-06-01,3,8,
ESAT00014,ECON00014,CUST00040,2024-09-16,2,4,
ESAT00015,ECON00015,CUST00040,2024-08-26,4,9,
ESAT00016,ECON00016,CUST00053,2025-11-05,3,8,
ESAT00017,ECON00017,CUST00053,2025-11-17,4,10,빠르고 친절한 응대 감사합니다.
ESAT00018,ECON00018,CUST00384,2025-06-14,4,7,빠르고 친절한 응대 감사합니다.
ESAT00019,ECON00019,CUST00384,2024-07-25,3,8,
ESAT00020,ECON00020,CUST00384,2025-04-06,1,2,
ESAT00021,ECON00021,CUST00162,2025-10-20,5,8,기대 이상으로 만족스러웠습니다.
ESAT00022,ECON00022,CUST00162,2025-10-01,2,2,문제가 완전히 해결되지 않았습니다.
ESAT00023,ECON00023,CUST00383,2024-03-13,5,8,
ESAT00024,ECON00024,CUST00383,2024-02-20,3,4,
ESAT00025,ECON00025,CUST00383,2024-01-24,1,4,기대보다 별로였어요.
ESAT00026,ECON00026,CUST00216,2025-07-31,5,10,문제가 깔끔하게 해결됐어요.
ESAT00027,ECON00027,CUST00216,2025-02-15,5,10,
ESAT00028,ECON00028,CUST00216,2025-06-06,3,4,
ESAT00029,ECON00029,CUST00216,2025-02-03,4,6,빠르고 친절한 응대 감사합니다.
ESAT00030,ECON00030,CUST00393,2025-04-09,1,4,
ESAT00031,ECON00031,CUST00393,2024-05-11,5,10,기대 이상으로 만족스러웠습니다.
ESAT00032,ECON00032,CUST00393,2025-02-22,4,6,
ESAT00033,ECON00033,CUST00393,2024-06-15,4,6,
ESAT00034,ECON00034,CUST00393,2025-03-14,5,10,
ESAT00035,ECON00035,CUST00393,2024-11-23,3,4,
ESAT00036,ECON00036,CUST00123,2025-01-29,4,8,
ESAT00037,ECON00037,CUST00123,2024-10-13,3,8,
ESAT00038,ECON00038,CUST00123,2024-04-06,5,10,기대 이상으로 만족스러웠습니다.
ESAT00039,ECON00039,CUST00123,2024-01-24,5,10,문제가 깔끔하게 해결됐어요.
ESAT00040,ECON00040,CUST00265,2025-06-27,1,3,
ESAT00041,ECON00041,CUST00265,2024-06-10,3,7,
ESAT00042,ECON00042,CUST00265,2024-03-29,5,8,
ESAT00043,ECON00043,CUST00322,2025-10-23,5,9,빠르고 친절한 응대 감사합니다.
ESAT00044,ECON00044,CUST00322,2024-04-12,5,8,빠르고 친절한 응대 감사합니다.
ESAT00045,ECON00045,CUST00322,2024-01-12,1,4,
ESAT00046,ECON00046,CUST00322,2025-05-02,2,5,
ESAT00047,ECON00047,CUST00007,2025-11-13,5,10,
ESAT00048,ECON00048,CUST00007,2024-12-13,5,8,
ESAT00049,ECON00049,CUST00007,2024-08-21,2,5,문제가 완전히 해결되지 않았습니다.
ESAT00050,ECON00050,CUST00007,2025-01-25,1,2,응대가 늦어서 아쉬웠습니다.
ESAT00051,ECON00051,CUST00160,2025-04-27,2,5,
ESAT00052,ECON00052,CUST00160,2024-08-25,3,4,
ESAT00053,ECON00053,CUST00160,2024-11-20,5,9,
ESAT00054,ECON00054,CUST00160,2024-10-22,2,5,
ESAT00055,ECON00055,CUST00126,2025-08-18,1,3,문제가 완전히 해결되지 않았습니다.
ESAT00056,ECON00056,CUST00126,2025-03-18,5,8,
ESAT00057,ECON00057,CUST00126,2025-08-19,5,10,기대 이상으로 만족스러웠습니다.
ESAT00058,ECON00058,CUST00252,2025-11-27,4,10,
ESAT00059,ECON00059,CUST00252,2025-08-29,3,6,
ESAT00060,ECON00060,CUST00252,2025-12-20,1,3,응대가 늦어서 아쉬웠습니다.
ESAT00061,ECON00061,CUST00069,2024-01-13,5,8,
ESAT00062,ECON00062,CUST00069,2024-01-20,4,6,문제가 깔끔하게 해결됐어요.
ESAT00063,ECON00063,CUST00069,2024-03-07,3,7,
ESAT00064,ECON00064,CUST00104,2025-12-10,4,10,기대 이상으로 만족스러웠습니다.
ESAT00065,ECON00065,CUST00104,2025-01-06,3,6,
ESAT00066,ECON00066,CUST00104,2024-09-12,4,10,문제가 깔끔하게 해결됐어요.
ESAT00067,ECON00067,CUST00104,2024-04-19,5,10,
ESAT00068,ECON00068,CUST00104,2025-12-28,2,4,
ESAT00069,ECON00069,CUST00352,2025-08-29,1,2,
ESAT00070,ECON00070,CUST00352,2025-11-02,1,0,기대보다 별로였어요.
ESAT00071,ECON00071,CUST00352,2025-09-07,4,9,
ESAT00072,ECON00072,CUST00090,2024-09-17,2,5,
ESAT00073,ECON00073,CUST00114,2025-12-17,5,10,
ESAT00074,ECON00074,CUST00170,2024-07-15,4,6,
ESAT00075,ECON00075,CUST00170,2025-09-11,4,7,문제가 깔끔하게 해결됐어요.
ESAT00076,ECON00076,CUST00170,2024-08-11,5,10,빠르고 친절한 응대 감사합니다.
ESAT00077,ECON00077,CUST00170,2025-09-08,5,10,기대 이상으로 만족스러웠습니다.
ESAT00078,ECON00078,CUST00315,2024-07-28,2,3,
ESAT00079,ECON00079,CUST00315,2025-07-18,3,7,
ESAT00080,ECON00080,CUST00315,2024-10-20,5,10,기대 이상으로 만족스러웠습니다.
ESAT00081,ECON00081,CUST00315,2025-03-03,4,6,빠르고 친절한 응대 감사합니다.
ESAT00082,ECON00082,CUST00323,2024-01-09,2,5,기대보다 별로였어요.
ESAT00083,ECON00083,CUST00323,2025-01-10,5,10,
ESAT00084,ECON00084,CUST00323,2024-04-02,4,10,
ESAT00085,ECON00085,CUST00323,2024-06-15,4,8,
ESAT00086,ECON00086,CUST00323,2024-11-07,5,10,기대 이상으로 만족스러웠습니다.
ESAT00087,ECON00087,CUST00030,2025-12-08,4,6,
ESAT00088,ECON00088,CUST00030,2025-09-30,5,9,
ESAT00089,ECON00089,CUST00030,2025-06-16,4,8,문제가 깔끔하게 해결됐어요.
ESAT00090,ECON00090,CUST00030,2024-02-15,4,6,
ESAT00091,ECON00091,CUST00030,2025-02-04,4,6,
ESAT00092,ECON00092,CUST00030,2025-02-04,5,10,
ESAT00093,ECON00093,CUST00378,2025-10-28,4,6,
ESAT00094,ECON00094,CUST00378,2025-10-12,4,8,
ESAT00095,ECON00095,CUST00378,2025-11-12,3,8,
ESAT00096,ECON00096,CUST00378,2025-11-18,5,10,문제가 깔끔하게 해결됐어요.
ESAT00097,ECON00097,CUST00378,2024-10-05,2,4,
ESAT00098,ECON00098,CUST00181,2024-01-16,5,8,문제가 깔끔하게 해결됐어요.
ESAT00099,ECON00099,CUST00181,2024-01-20,2,2,
ESAT00100,ECON00100,CUST00181,2024-01-15,4,7,
ESAT00101,ECON00101,CUST00052,2025-11-13,4,8,
ESAT00102,ECON00102,CUST00194,2025-10-14,2,6,
ESAT00103,ECON00103,CUST00194,2024-09-18,4,10,
ESAT00104,ECON00104,CUST00194,2025-08-15,5,10,빠르고 친절한 응대 감사합니다.
ESAT00105,ECON00105,CUST00194,2024-11-02,3,6,
ESAT00106,ECON00106,CUST00194,2025-11-12,4,10,
ESAT00107,ECON00107,CUST00328,2024-10-25,5,10,
ESAT00108,ECON00108,CUST00328,2025-05-18,4,10,
ESAT00109,ECON00109,CUST00328,2024-04-20,5,9,
ESAT00110,ECON00110,CUST00328,2025-01-13,5,8,문제가 깔끔하게 해결됐어요.
ESAT00111,ECON00111,CUST00328,2025-12-26,3,7,
ESAT00112,ECON00112,CUST00355,2024-01-15,4,6,기대 이상으로 만족스러웠습니다.
ESAT00113,ECON00113,CUST00355,2025-05-22,5,10,
ESAT00114,ECON00114,CUST00355,2024-09-02,3,7,
ESAT00115,ECON00115,CUST00246,2025-12-04,3,4,
ESAT00116,ECON00116,CUST00246,2025-11-28,3,7,
ESAT00117,ECON00117,CUST00246,2025-12-24,3,6,
ESAT00118,ECON00118,CUST00246,2025-11-26,4,10,
ESAT00119,ECON00119,CUST00039,2024-10-01,5,9,
ESAT00120,ECON00120,CUST00039,2024-09-01,4,6,기대 이상으로 만족스러웠습니다.
ESAT00121,ECON00121,CUST00045,2025-09-08,3,6,
ESAT00122,ECON00122,CUST00045,2025-03-24,2,5,기대보다 별로였어요.
ESAT00123,ECON00123,CUST00045,2025-09-30,3,5,
ESAT00124,ECON00124,CUST00045,2024-06-16,5,9,기대 이상으로 만족스러웠습니다.
ESAT00125,ECON00125,CUST00047,2024-08-02,3,8,
ESAT00126,ECON00126,CUST00047,2024-08-01,2,6,
ESAT00127,ECON00127,CUST00047,2024-09-18,3,7,
ESAT00128,ECON00128,CUST00047,2024-09-02,2,5,기대보다 별로였어요.
ESAT00129,ECON00129,CUST00047,2025-02-17,4,10,빠르고 친절한 응대 감사합니다.
ESAT00130,ECON00130,CUST00212,2025-05-03,2,5,
ESAT00131,ECON00131,CUST00212,2024-04-11,5,9,
ESAT00132,ECON00132,CUST00212,2025-08-14,3,7,
ESAT00133,ECON00133,CUST00212,2024-10-23,3,6,
ESAT00134,ECON00134,CUST00293,2024-09-09,4,8,
ESAT00135,ECON00135,CUST00177,2024-10-18,1,1,응대가 늦어서 아쉬웠습니다.
ESAT00136,ECON00136,CUST00177,2025-05-20,2,4,
ESAT00137,ECON00137,CUST00177,2025-02-15,1,0,
ESAT00138,ECON00138,CUST00138,2024-11-07,5,10,
ESAT00139,ECON00139,CUST00138,2024-05-12,4,8,
ESAT00140,ECON00140,CUST00138,2025-11-09,1,0,문제가 완전히 해결되지 않았습니다.
ESAT00141,ECON00141,CUST00138,2025-08-18,4,7,
ESAT00142,ECON00142,CUST00138,2024-07-16,5,9,기대 이상으로 만족스러웠습니다.
ESAT00143,ECON00143,CUST00138,2025-09-12,3,4,
ESAT00144,ECON00144,CUST00138,2024-06-19,2,2,응대가 늦어서 아쉬웠습니다.
ESAT00145,ECON00145,CUST00214,2025-09-09,5,10,
ESAT00146,ECON00146,CUST00214,2025-07-22,4,8,
ESAT00147,ECON00147,CUST00214,2025-11-15,3,7,
ESAT00148,ECON00148,CUST00292,2025-03-19,3,5,
ESAT00149,ECON00149,CUST00292,2024-08-25,4,9,
ESAT00150,ECON00150,CUST00305,2025-02-15,5,10,빠르고 친절한 응대 감사합니다.
ESAT00151,ECON00151,CUST00305,2025-09-30,3,6,
ESAT00152,ECON00152,CUST00305,2025-02-05,2,3,
ESAT00153,ECON00153,CUST00305,2024-06-16,4,9,문제가 깔끔하게 해결됐어요.
ESAT00154,ECON00154,CUST00106,2024-10-06,5,8,빠르고 친절한 응대 감사합니다.
ESAT00155,ECON00155,CUST00106,2024-09-25,4,8,문제가 깔끔하게 해결됐어요.
ESAT00156,ECON00156,CUST00106,2025-01-26,1,2,
ESAT00157,ECON00157,CUST00236,2025-03-08,5,10,
ESAT00158,ECON00158,CUST00236,2025-06-25,1,1,
ESAT00159,ECON00159,CUST00236,2025-10-14,5,10,
ESAT00160,ECON00160,CUST00236,2025-04-26,1,3,기대보다 별로였어요.
ESAT00161,ECON00161,CUST00173,2025-12-23,3,7,
ESAT00162,ECON00162,CUST00173,2025-01-03,2,2,응대가 늦어서 아쉬웠습니다.
ESAT00163,ECON00163,CUST00173,2025-11-08,1,4,문제가 완전히 해결되지 않았습니다.
ESAT00164,ECON00164,CUST00173,2024-03-31,1,0,
ESAT00165,ECON00165,CUST00014,2024-01-15,5,10,
ESAT00166,ECON00166,CUST00014,2024-05-27,5,10,
ESAT00167,ECON00167,CUST00014,2024-08-02,3,8,
ESAT00168,ECON00168,CUST00154,2025-10-23,2,3,
ESAT00169,ECON00169,CUST00154,2025-10-05,4,8,
ESAT00170,ECON00170,CUST00154,2025-06-14,4,9,
ESAT00171,ECON00171,CUST00382,2024-09-11,2,3,기대보다 별로였어요.
ESAT00172,ECON00172,CUST00382,2025-05-26,4,10,
ESAT00173,ECON00173,CUST00382,2024-07-05,5,9,
ESAT00174,ECON00174,CUST00382,2024-04-08,4,6,빠르고 친절한 응대 감사합니다.
ESAT00175,ECON00175,CUST00382,2024-12-15,2,6,기대보다 별로였어요.
ESAT00176,ECON00176,CUST00062,2024-10-20,4,9,
ESAT00177,ECON00177,CUST00062,2024-12-31,1,1,응대가 늦어서 아쉬웠습니다.
ESAT00178,ECON00178,CUST00399,2024-07-30,4,8,빠르고 친절한 응대 감사합니다.
ESAT00179,ECON00179,CUST00399,2025-08-26,4,6,
ESAT00180,ECON00180,CUST00399,2025-07-14,4,10,빠르고 친절한 응대 감사합니다.
ESAT00181,ECON00181,CUST00399,2025-09-16,1,1,
ESAT00182,ECON00182,CUST00067,2025-01-23,2,6,문제가 완전히 해결되지 않았습니다.
ESAT00183,ECON00183,CUST00067,2024-04-16,5,8,
ESAT00184,ECON00184,CUST00067,2025-01-14,2,3,기대보다 별로였어요.
ESAT00185,ECON00185,CUST00347,2024-02-08,3,8,
ESAT00186,ECON00186,CUST00347,2025-05-26,1,1,
ESAT00187,ECON00187,CUST00347,2025-04-05,5,10,
ESAT00188,ECON00188,CUST00347,2025-05-04,2,5,
ESAT00189,ECON00189,CUST00223,2024-06-05,3,7,
ESAT00190,ECON00190,CUST00223,2024-08-13,2,5,
ESAT00191,ECON00191,CUST00223,2024-09-08,4,7,
ESAT00192,ECON00192,CUST00064,2025-11-27,5,10,기대 이상으로 만족스러웠습니다.
ESAT00193,ECON00193,CUST00064,2025-12-08,4,7,문제가 깔끔하게 해결됐어요.
ESAT00194,ECON00194,CUST00064,2025-09-20,5,8,문제가 깔끔하게 해결됐어요.
ESAT00195,ECON00195,CUST00060,2025-09-16,2,3,
ESAT00196,ECON00196,CUST00060,2024-05-31,2,4,문제가 완전히 해결되지 않았습니다.
ESAT00197,ECON00197,CUST00060,2025-05-05,5,8,
ESAT00198,ECON00198,CUST00054,2025-10-29,3,5,
ESAT00199,ECON00199,CUST00054,2025-09-08,3,6,
ESAT00200,ECON00200,CUST00054,2025-09-11,3,5,
ESAT00201,ECON00201,CUST00107,2025-09-24,5,10,
ESAT00202,ECON00202,CUST00107,2025-09-15,1,2,
ESAT00203,ECON00203,CUST00107,2025-12-28,1,3,
ESAT00204,ECON00204,CUST00107,2025-11-23,4,9,
ESAT00205,ECON00205,CUST00107,2025-09-22,2,6,
ESAT00206,ECON00206,CUST00107,2025-07-07,3,7,
ESAT00207,ECON00207,CUST00389,2025-08-17,2,2,문제가 완전히 해결되지 않았습니다.
ESAT00208,ECON00208,CUST00389,2024-07-15,4,7,기대 이상으로 만족스러웠습니다.
ESAT00209,ECON00209,CUST00389,2025-08-03,3,4,
ESAT00210,ECON00210,CUST00389,2024-04-21,4,7,기대 이상으로 만족스러웠습니다.
ESAT00211,ECON00211,CUST00198,2024-10-15,3,7,
ESAT00212,ECON00212,CUST00198,2025-05-14,4,8,
ESAT00213,ECON00213,CUST00348,2025-09-18,2,5,
ESAT00214,ECON00214,CUST00348,2024-03-29,4,9,문제가 깔끔하게 해결됐어요.
ESAT00215,ECON00215,CUST00348,2024-03-09,4,8,
ESAT00216,ECON00216,CUST00348,2024-09-23,5,10,
ESAT00217,ECON00217,CUST00348,2025-02-08,4,8,
ESAT00218,ECON00218,CUST00348,2024-06-28,4,6,
ESAT00219,ECON00219,CUST00361,2024-02-21,5,10,
ESAT00220,ECON00220,CUST00361,2024-07-25,2,2,기대보다 별로였어요.
ESAT00221,ECON00221,CUST00361,2025-04-30,1,3,기대보다 별로였어요.
ESAT00222,ECON00222,CUST00286,2025-11-27,3,8,
ESAT00223,ECON00223,CUST00260,2024-06-11,4,6,
ESAT00224,ECON00224,CUST00260,2025-04-05,2,2,
ESAT00225,ECON00225,CUST00260,2024-11-28,1,1,
ESAT00226,ECON00226,CUST00260,2024-12-06,3,4,
ESAT00227,ECON00227,CUST00282,2025-03-07,4,6,
ESAT00228,ECON00228,CUST00282,2024-06-21,3,8,
ESAT00229,ECON00229,CUST00282,2025-06-11,5,9,
ESAT00230,ECON00230,CUST00243,2024-07-26,3,4,
ESAT00231,ECON00231,CUST00243,2025-02-05,5,9,
ESAT00232,ECON00232,CUST00243,2025-10-20,4,9,
ESAT00233,ECON00233,CUST00243,2024-10-21,3,6,
ESAT00234,ECON00234,CUST00072,2025-11-18,1,0,응대가 늦어서 아쉬웠습니다.
ESAT00235,ECON00235,CUST00072,2025-12-11,1,1,문제가 완전히 해결되지 않았습니다.
ESAT00236,ECON00236,CUST00072,2025-12-05,4,6,기대 이상으로 만족스러웠습니다.
ESAT00237,ECON00237,CUST00072,2025-11-19,1,1,
ESAT00238,ECON00238,CUST00072,2025-08-01,2,4,
ESAT00239,ECON00239,CUST00325,2025-07-14,5,10,
ESAT00240,ECON00240,CUST00325,2025-10-04,4,6,빠르고 친절한 응대 감사합니다.
ESAT00241,ECON00241,CUST00325,2025-07-30,5,9,문제가 깔끔하게 해결됐어요.
ESAT00242,ECON00242,CUST00325,2025-10-05,1,0,기대보다 별로였어요.
ESAT00243,ECON00243,CUST00325,2025-01-05,4,8,
ESAT00244,ECON00244,CUST00325,2024-10-11,2,6,기대보다 별로였어요.
ESAT00245,ECON00245,CUST00300,2025-04-21,2,2,
ESAT00246,ECON00246,CUST00300,2025-05-17,4,8,
ESAT00247,ECON00247,CUST00128,2025-07-09,5,10,
ESAT00248,ECON00248,CUST00128,2024-06-18,1,3,
ESAT00249,ECON00249,CUST00128,2025-06-25,3,4,
ESAT00250,ECON00250,CUST00128,2025-03-23,3,5,
ESAT00251,ECON00251,CUST00147,2025-05-02,3,7,
ESAT00252,ECON00252,CUST00147,2024-11-14,5,8,문제가 깔끔하게 해결됐어요.
ESAT00253,ECON00253,CUST00147,2025-07-10,3,7,
ESAT00254,ECON00254,CUST00262,2024-02-08,4,9,
ESAT00255,ECON00255,CUST00262,2024-02-09,2,6,기대보다 별로였어요.
ESAT00256,ECON00256,CUST00262,2024-10-22,5,8,
ESAT00257,ECON00257,CUST00262,2024-10-04,4,8,기대 이상으로 만족스러웠습니다.
ESAT00258,ECON00258,CUST00400,2024-10-08,3,6,
ESAT00259,ECON00259,CUST00400,2025-12-14,2,2,문제가 완전히 해결되지 않았습니다.
ESAT00260,ECON00260,CUST00400,2024-11-07,4,10,
ESAT00261,ECON00261,CUST00400,2025-06-10,5,10,
ESAT00262,ECON00262,CUST00400,2024-11-28,2,6,
ESAT00263,ECON00263,CUST00027,2024-02-29,1,0,
ESAT00264,ECON00264,CUST00027,2025-03-28,5,10,빠르고 친절한 응대 감사합니다.
ESAT00265,ECON00265,CUST00027,2024-08-19,1,0,문제가 완전히 해결되지 않았습니다.
ESAT00266,ECON00266,CUST00082,2025-06-17,1,4,
ESAT00267,ECON00267,CUST00329,2025-03-01,1,0,
ESAT00268,ECON00268,CUST00329,2024-05-02,3,5,
ESAT00269,ECON00269,CUST00192,2025-04-09,3,5,
ESAT00270,ECON00270,CUST00192,2025-07-25,2,4,
ESAT00271,ECON00271,CUST00397,2025-01-26,2,2,
ESAT00272,ECON00272,CUST00397,2025-01-22,3,6,
ESAT00273,ECON00273,CUST00397,2024-12-02,5,10,
ESAT00274,ECON00274,CUST00020,2025-11-04,4,6,빠르고 친절한 응대 감사합니다.
ESAT00275,ECON00275,CUST00020,2025-11-26,4,6,기대 이상으로 만족스러웠습니다.
ESAT00276,ECON00276,CUST00020,2025-09-05,5,10,
ESAT00277,ECON00277,CUST00033,2025-08-12,3,8,
ESAT00278,ECON00278,CUST00033,2025-08-26,4,10,
ESAT00279,ECON00279,CUST00033,2024-11-17,4,6,
ESAT00280,ECON00280,CUST00033,2025-03-07,4,9,
ESAT00281,ECON00281,CUST00033,2024-07-07,4,9,
ESAT00282,ECON00282,CUST00022,2025-03-26,4,6,
ESAT00283,ECON00283,CUST00022,2025-04-09,3,5,
ESAT00284,ECON00284,CUST00022,2025-12-13,3,6,
ESAT00285,ECON00285,CUST00059,2025-11-30,5,10,
ESAT00286,ECON00286,CUST00059,2025-10-22,1,4,
ESAT00287,ECON00287,CUST00059,2025-08-28,5,10,빠르고 친절한 응대 감사합니다.
ESAT00288,ECON00288,CUST00344,2024-03-08,5,10,
ESAT00289,ECON00289,CUST00344,2025-08-20,2,4,응대가 늦어서 아쉬웠습니다.
ESAT00290,ECON00290,CUST00344,2024-09-15,4,8,
ESAT00291,ECON00291,CUST00344,2024-11-08,5,10,
ESAT00292,ECON00292,CUST00344,2025-11-25,5,10,
ESAT00293,ECON00293,CUST00344,2024-01-26,5,10,
ESAT00294,ECON00294,CUST00335,2025-01-25,2,2,
ESAT00295,ECON00295,CUST00092,2025-10-30,5,10,
ESAT00296,ECON00296,CUST00092,2025-02-01,2,6,문제가 완전히 해결되지 않았습니다.
ESAT00297,ECON00297,CUST00092,2024-12-17,3,5,
ESAT00298,ECON00298,CUST00092,2024-10-06,3,6,
ESAT00299,ECON00299,CUST00257,2024-06-15,1,4,문제가 완전히 해결되지 않았습니다.
ESAT00300,ECON00300,CUST00257,2024-08-03,3,6,
ESAT00301,ECON00301,CUST00257,2025-12-25,2,6,응대가 늦어서 아쉬웠습니다.
ESAT00302,ECON00302,CUST00369,2024-10-09,2,3,기대보다 별로였어요.
ESAT00303,ECON00303,CUST00369,2024-07-07,5,8,기대 이상으로 만족스러웠습니다.
ESAT00304,ECON00304,CUST00369,2025-01-29,4,10,
ESAT00305,ECON00305,CUST00294,2024-11-03,4,6,
ESAT00306,ECON00306,CUST00294,2024-10-17,3,5,
ESAT00307,ECON00307,CUST00294,2024-10-11,4,9,문제가 깔끔하게 해결됐어요.
ESAT00308,ECON00308,CUST00088,2025-12-08,1,1,응대가 늦어서 아쉬웠습니다.
ESAT00309,ECON00309,CUST00088,2025-11-17,5,10,
ESAT00310,ECON00310,CUST00088,2025-11-19,3,4,
ESAT00311,ECON00311,CUST00088,2025-12-19,2,2,
ESAT00312,ECON00312,CUST00088,2025-11-25,1,4,문제가 완전히 해결되지 않았습니다.
ESAT00313,ECON00313,CUST00088,2025-11-10,3,8,
ESAT00314,ECON00314,CUST00268,2024-11-23,1,2,
ESAT00315,ECON00315,CUST00268,2025-09-23,4,6,
ESAT00316,ECON00316,CUST00268,2025-03-30,1,1,문제가 완전히 해결되지 않았습니다.
ESAT00317,ECON00317,CUST00268,2025-11-22,5,10,문제가 깔끔하게 해결됐어요.
ESAT00318,ECON00318,CUST00061,2024-06-20,4,9,
ESAT00319,ECON00319,CUST00061,2024-06-13,5,10,
ESAT00320,ECON00320,CUST00061,2024-06-22,5,10,기대 이상으로 만족스러웠습니다.
ESAT00321,ECON00321,CUST00380,2025-12-16,5,9,기대 이상으로 만족스러웠습니다.
ESAT00322,ECON00322,CUST00380,2025-07-16,5,10,
ESAT00323,ECON00323,CUST00380,2025-02-22,3,5,
ESAT00324,ECON00324,CUST00380,2025-05-14,2,2,기대보다 별로였어요.
ESAT00325,ECON00325,CUST00380,2025-04-04,1,4,문제가 완전히 해결되지 않았습니다.
ESAT00326,ECON00326,CUST00004,2024-01-14,2,4,
ESAT00327,ECON00327,CUST00004,2024-09-29,5,10,
ESAT00328,ECON00328,CUST00004,2024-01-12,4,8,
ESAT00329,ECON00329,CUST00004,2025-11-02,4,8,문제가 깔끔하게 해결됐어요.
ESAT00330,ECON00330,CUST00204,2025-10-20,3,7,
ESAT00331,ECON00331,CUST00204,2025-10-28,3,4,
ESAT00332,ECON00332,CUST00204,2025-10-09,3,7,
ESAT00333,ECON00333,CUST00204,2025-08-18,4,9,문제가 깔끔하게 해결됐어요.
ESAT00334,ECON00334,CUST00142,2024-12-19,3,7,
ESAT00335,ECON00335,CUST00142,2024-10-28,3,4,
ESAT00336,ECON00336,CUST00311,2025-07-10,3,6,
ESAT00337,ECON00337,CUST00311,2025-10-23,2,5,기대보다 별로였어요.
ESAT00338,ECON00338,CUST00276,2024-06-03,5,10,
ESAT00339,ECON00339,CUST00276,2024-09-24,4,10,문제가 깔끔하게 해결됐어요.
ESAT00340,ECON00340,CUST00276,2025-01-06,4,6,빠르고 친절한 응대 감사합니다.
ESAT00341,ECON00341,CUST00276,2024-12-05,5,10,
ESAT00342,ECON00342,CUST00176,2024-08-17,4,8,
ESAT00343,ECON00343,CUST00176,2025-07-23,3,4,
ESAT00344,ECON00344,CUST00176,2024-09-25,1,0,
ESAT00345,ECON00345,CUST00124,2025-11-19,5,10,
ESAT00346,ECON00346,CUST00124,2025-12-17,5,10,문제가 깔끔하게 해결됐어요.
ESAT00347,ECON00347,CUST00124,2025-06-02,4,9,
ESAT00348,ECON00348,CUST00278,2025-04-18,2,5,기대보다 별로였어요.
ESAT00349,ECON00349,CUST00278,2025-08-01,5,10,
ESAT00350,ECON00350,CUST00278,2024-08-31,3,4,
ESAT00351,ECON00351,CUST00028,2025-03-13,1,1,
ESAT00352,ECON00352,CUST00028,2024-12-31,5,10,기대 이상으로 만족스러웠습니다.
ESAT00353,ECON00353,CUST00028,2024-09-04,5,10,
ESAT00354,ECON00354,CUST00167,2024-05-02,5,10,
ESAT00355,ECON00355,CUST00167,2024-10-08,5,10,
ESAT00356,ECON00356,CUST00167,2024-02-12,2,4,
ESAT00357,ECON00357,CUST00167,2025-12-24,5,10,
ESAT00358,ECON00358,CUST00167,2025-04-19,4,7,
ESAT00359,ECON00359,CUST00167,2024-02-27,5,8,
ESAT00360,ECON00360,CUST00093,2025-09-20,5,9,
ESAT00361,ECON00361,CUST00244,2025-08-18,5,8,
ESAT00362,ECON00362,CUST00244,2025-11-05,4,6,빠르고 친절한 응대 감사합니다.
ESAT00363,ECON00363,CUST00244,2025-12-02,2,4,
ESAT00364,ECON00364,CUST00244,2025-10-13,5,8,
ESAT00365,ECON00365,CUST00244,2025-12-19,2,5,
ESAT00366,ECON00366,CUST00037,2025-10-24,5,9,
ESAT00367,ECON00367,CUST00037,2025-12-22,2,5,
ESAT00368,ECON00368,CUST00037,2025-11-20,4,8,
ESAT00369,ECON00369,CUST00037,2025-05-29,4,10,
ESAT00370,ECON00370,CUST00037,2025-08-11,4,6,문제가 깔끔하게 해결됐어요.
ESAT00371,ECON00371,CUST00065,2025-04-04,4,9,빠르고 친절한 응대 감사합니다.
ESAT00372,ECON00372,CUST00065,2024-09-18,5,8,
ESAT00373,ECON00373,CUST00336,2024-12-30,2,6,
ESAT00374,ECON00374,CUST00336,2025-05-12,4,7,
ESAT00375,ECON00375,CUST00326,2025-10-04,1,0,기대보다 별로였어요.
ESAT00376,ECON00376,CUST00326,2024-10-18,1,2,문제가 완전히 해결되지 않았습니다.
ESAT00377,ECON00377,CUST00326,2024-05-15,3,4,
ESAT00378,ECON00378,CUST00353,2025-06-10,4,9,
ESAT00379,ECON00379,CUST00353,2025-07-09,2,2,
ESAT00380,ECON00380,CUST00353,2025-07-13,5,10,
ESAT00381,ECON00381,CUST00331,2025-09-07,4,6,
ESAT00382,ECON00382,CUST00331,2024-02-29,5,9,
ESAT00383,ECON00383,CUST00331,2025-06-29,4,10,
ESAT00384,ECON00384,CUST00070,2025-07-23,4,7,기대 이상으로 만족스러웠습니다.
ESAT00385,ECON00385,CUST00070,2024-02-05,4,10,문제가 깔끔하게 해결됐어요.
ESAT00386,ECON00386,CUST00029,2025-07-29,4,10,
ESAT00387,ECON00387,CUST00029,2025-11-05,3,5,
ESAT00388,ECON00388,CUST00029,2025-02-17,2,3,
ESAT00389,ECON00389,CUST00029,2024-03-05,5,10,빠르고 친절한 응대 감사합니다.
ESAT00390,ECON00390,CUST00029,2025-01-11,3,6,
ESAT00391,ECON00391,CUST00018,2025-06-26,3,5,
ESAT00392,ECON00392,CUST00018,2025-10-15,5,10,
ESAT00393,ECON00393,CUST00018,2025-08-22,4,7,
ESAT00394,ECON00394,CUST00018,2025-03-09,3,4,
ESAT00395,ECON00395,CUST00018,2025-08-09,3,4,
ESAT00396,ECON00396,CUST00018,2025-06-14,2,3,
ESAT00397,ECON00397,CUST00185,2024-05-21,3,4,
ESAT00398,ECON00398,CUST00185,2024-09-13,3,8,
ESAT00399,ECON00399,CUST00185,2025-01-07,5,8,
ESAT00400,ECON00400,CUST00185,2025-12-03,3,8,
ESAT00401,ECON00401,CUST00354,2024-04-10,3,7,
ESAT00402,ECON00402,CUST00354,2024-12-15,5,10,
ESAT00403,ECON00403,CUST00354,2024-07-27,2,5,응대가 늦어서 아쉬웠습니다.
ESAT00404,ECON00404,CUST00354,2024-08-28,5,9,문제가 깔끔하게 해결됐어요.
ESAT00405,ECON00405,CUST00354,2024-03-10,3,6,
ESAT00406,ECON00406,CUST00055,2025-03-16,4,9,
ESAT00407,ECON00407,CUST00055,2025-05-28,1,2,
ESAT00408,ECON00408,CUST00055,2024-08-20,4,9,
ESAT00409,ECON00409,CUST00055,2024-02-15,3,8,
ESAT00410,ECON00410,CUST00055,2024-01-14,3,6,
ESAT00411,ECON00411,CUST00251,2024-10-04,4,6,
ESAT00412,ECON00412,CUST00251,2025-02-01,2,4,
ESAT00413,ECON00413,CUST00372,2026-01-01,4,6,
ESAT00414,ECON00414,CUST00372,2025-08-06,3,8,
ESAT00415,ECON00415,CUST00372,2025-12-15,4,7,문제가 깔끔하게 해결됐어요.
ESAT00416,ECON00416,CUST00289,2025-08-21,5,10,기대 이상으로 만족스러웠습니다.
ESAT00417,ECON00417,CUST00110,2024-10-02,5,10,
ESAT00418,ECON00418,CUST00110,2025-09-21,2,6,
ESAT00419,ECON00419,CUST00110,2025-06-20,5,10,
ESAT00420,ECON00420,CUST00157,2024-07-29,3,7,
ESAT00421,ECON00421,CUST00157,2024-03-24,4,9,빠르고 친절한 응대 감사합니다.
ESAT00422,ECON00422,CUST00076,2024-04-16,4,10,
ESAT00423,ECON00423,CUST00076,2025-04-04,3,7,
ESAT00424,ECON00424,CUST00076,2024-06-04,4,8,
ESAT00425,ECON00425,CUST00377,2025-01-26,4,10,
ESAT00426,ECON00426,CUST00377,2024-11-12,4,10,
ESAT00427,ECON00427,CUST00377,2024-04-05,4,8,
ESAT00428,ECON00428,CUST00013,2025-09-27,1,1,문제가 완전히 해결되지 않았습니다.
ESAT00429,ECON00429,CUST00013,2024-02-15,4,6,
ESAT00430,ECON00430,CUST00013,2024-12-27,2,3,
ESAT00431,ECON00431,CUST00013,2025-01-17,5,10,기대 이상으로 만족스러웠습니다.
ESAT00432,ECON00432,CUST00338,2025-05-24,4,7,
ESAT00433,ECON00433,CUST00338,2025-12-19,3,8,
ESAT00434,ECON00434,CUST00365,2025-10-22,3,5,
ESAT00435,ECON00435,CUST00365,2025-06-21,5,9,
ESAT00436,ECON00436,CUST00365,2025-11-01,4,8,
ESAT00437,ECON00437,CUST00365,2025-04-24,2,3,문제가 완전히 해결되지 않았습니다.
ESAT00438,ECON00438,CUST00365,2025-08-28,4,7,
ESAT00439,ECON00439,CUST00199,2024-02-24,4,10,
ESAT00440,ECON00440,CUST00199,2024-01-08,3,5,
ESAT00441,ECON00441,CUST00199,2025-11-11,2,6,
ESAT00442,ECON00442,CUST00199,2024-11-13,3,8,
ESAT00443,ECON00443,CUST00314,2024-12-01,3,6,
ESAT00444,ECON00444,CUST00314,2025-04-01,3,5,
ESAT00445,ECON00445,CUST00314,2025-10-02,5,9,
ESAT00446,ECON00446,CUST00314,2025-02-13,4,7,빠르고 친절한 응대 감사합니다.
ESAT00447,ECON00447,CUST00314,2025-08-04,3,7,
ESAT00448,ECON00448,CUST00269,2025-08-08,3,7,
ESAT00449,ECON00449,CUST00269,2025-11-23,4,9,빠르고 친절한 응대 감사합니다.
ESAT00450,ECON00450,CUST00269,2025-08-27,2,4,
ESAT00451,ECON00451,CUST00269,2025-07-29,4,10,빠르고 친절한 응대 감사합니다.
ESAT00452,ECON00452,CUST00227,2025-12-25,1,2,
ESAT00453,ECON00453,CUST00227,2024-02-15,5,9,기대 이상으로 만족스러웠습니다.
ESAT00454,ECON00454,CUST00227,2025-12-25,4,8,빠르고 친절한 응대 감사합니다.
ESAT00455,ECON00455,CUST00119,2024-08-25,4,9,
ESAT00456,ECON00456,CUST00119,2025-11-04,4,7,빠르고 친절한 응대 감사합니다.
ESAT00457,ECON00457,CUST00119,2024-12-08,4,9,기대 이상으로 만족스러웠습니다.
ESAT00458,ECON00458,CUST00119,2025-11-03,2,5,문제가 완전히 해결되지 않았습니다.
ESAT00459,ECON00459,CUST00119,2024-04-06,4,8,
ESAT00460,ECON00460,CUST00008,2024-01-29,3,7,
ESAT00461,ECON00461,CUST00008,2024-03-18,5,9,빠르고 친절한 응대 감사합니다.
ESAT00462,ECON00462,CUST00008,2024-01-08,3,7,
ESAT00463,ECON00463,CUST00008,2024-01-25,5,10,
ESAT00464,ECON00464,CUST00008,2024-01-18,2,4,응대가 늦어서 아쉬웠습니다.
ESAT00465,ECON00465,CUST00008,2024-03-09,2,4,기대보다 별로였어요.
ESAT00466,ECON00466,CUST00208,2024-12-15,2,3,
ESAT00467,ECON00467,CUST00208,2025-05-08,3,6,
ESAT00468,ECON00468,CUST00208,2025-04-05,5,8,
ESAT00469,ECON00469,CUST00208,2024-08-15,4,7,
ESAT00470,ECON00470,CUST00208,2025-03-04,5,8,
ESAT00471,ECON00471,CUST00208,2025-02-03,4,7,
ESAT00472,ECON00472,CUST00217,2024-02-04,5,8,기대 이상으로 만족스러웠습니다.
ESAT00473,ECON00473,CUST00217,2024-08-12,4,9,기대 이상으로 만족스러웠습니다.
ESAT00474,ECON00474,CUST00217,2024-02-15,2,4,
ESAT00475,ECON00475,CUST00217,2025-09-01,3,7,
ESAT00476,ECON00476,CUST00217,2024-02-04,5,10,기대 이상으로 만족스러웠습니다.
ESAT00477,ECON00477,CUST00197,2024-07-30,1,3,기대보다 별로였어요.
ESAT00478,ECON00478,CUST00197,2025-05-08,4,10,
ESAT00479,ECON00479,CUST00197,2025-10-04,2,6,
ESAT00480,ECON00480,CUST00197,2025-08-22,5,10,
ESAT00481,ECON00481,CUST00158,2025-12-13,2,4,
ESAT00482,ECON00482,CUST00003,2025-10-20,2,6,
ESAT00483,ECON00483,CUST00003,2025-11-04,1,3,
ESAT00484,ECON00484,CUST00003,2024-08-28,1,2,기대보다 별로였어요.
ESAT00485,ECON00485,CUST00003,2025-02-06,4,10,
ESAT00486,ECON00486,CUST00179,2025-10-09,2,5,
ESAT00487,ECON00487,CUST00179,2025-10-15,2,3,
ESAT00488,ECON00488,CUST00179,2025-07-26,3,8,
ESAT00489,ECON00489,CUST00179,2025-10-23,2,5,기대보다 별로였어요.
ESAT00490,ECON00490,CUST00179,2025-07-06,4,9,
ESAT00491,ECON00491,CUST00019,2024-10-12,3,6,
ESAT00492,ECON00492,CUST00019,2025-05-16,1,3,
ESAT00493,ECON00493,CUST00357,2025-11-27,5,10,
ESAT00494,ECON00494,CUST00267,2024-06-29,2,5,응대가 늦어서 아쉬웠습니다.
ESAT00495,ECON00495,CUST00267,2025-11-24,5,8,
ESAT00496,ECON00496,CUST00267,2024-03-19,5,10,기대 이상으로 만족스러웠습니다.
ESAT00497,ECON00497,CUST00213,2025-11-09,3,4,
ESAT00498,ECON00498,CUST00213,2025-05-21,5,10,
ESAT00499,ECON00499,CUST00213,2025-07-26,3,7,
ESAT00500,ECON00500,CUST00213,2024-02-07,1,2,
ESAT00501,ECON00501,CUST00371,2025-08-16,5,8,기대 이상으로 만족스러웠습니다.
ESAT00502,ECON00502,CUST00371,2025-10-06,1,4,
ESAT00503,ECON00503,CUST00371,2025-02-23,5,10,
ESAT00504,ECON00504,CUST00371,2024-11-28,5,10,
ESAT00505,ECON00505,CUST00371,2024-07-27,1,3,
ESAT00506,ECON00506,CUST00016,2024-02-25,5,10,문제가 깔끔하게 해결됐어요.
ESAT00507,ECON00507,CUST00016,2025-05-03,4,10,
ESAT00508,ECON00508,CUST00016,2025-02-09,5,8,
ESAT00509,ECON00509,CUST00016,2025-04-08,5,10,문제가 깔끔하게 해결됐어요.
ESAT00510,ECON00510,CUST00016,2024-06-06,1,2,
ESAT00511,ECON00511,CUST00255,2025-02-12,4,8,
ESAT00512,ECON00512,CUST00255,2024-02-14,5,8,빠르고 친절한 응대 감사합니다.
ESAT00513,ECON00513,CUST00255,2024-03-14,2,6,기대보다 별로였어요.
ESAT00514,ECON00514,CUST00248,2024-02-27,2,2,
ESAT00515,ECON00515,CUST00248,2024-07-27,5,10,문제가 깔끔하게 해결됐어요.
ESAT00516,ECON00516,CUST00248,2024-04-07,4,10,
ESAT00517,ECON00517,CUST00248,2024-03-10,3,5,
ESAT00518,ECON00518,CUST00248,2024-05-01,2,5,문제가 완전히 해결되지 않았습니다.
ESAT00519,ECON00519,CUST00273,2024-09-03,4,6,빠르고 친절한 응대 감사합니다.
ESAT00520,ECON00520,CUST00273,2024-10-23,4,10,문제가 깔끔하게 해결됐어요.
ESAT00521,ECON00521,CUST00273,2025-09-14,5,10,
ESAT00522,ECON00522,CUST00273,2024-11-14,5,10,문제가 깔끔하게 해결됐어요.
ESAT00523,ECON00523,CUST00273,2024-12-01,4,9,
ESAT00524,ECON00524,CUST00073,2024-03-04,2,4,
ESAT00525,ECON00525,CUST00073,2024-08-20,4,7,
ESAT00526,ECON00526,CUST00073,2024-08-02,4,8,빠르고 친절한 응대 감사합니다.
ESAT00527,ECON00527,CUST00073,2024-10-03,4,7,문제가 깔끔하게 해결됐어요.
ESAT00528,ECON00528,CUST00073,2025-02-15,5,10,
ESAT00529,ECON00529,CUST00358,2024-12-04,4,10,
ESAT00530,ECON00530,CUST00358,2025-04-12,2,6,
ESAT00531,ECON00531,CUST00358,2024-06-19,4,7,
ESAT00532,ECON00532,CUST00358,2024-07-23,4,8,기대 이상으로 만족스러웠습니다.
ESAT00533,ECON00533,CUST00358,2024-01-26,4,6,기대 이상으로 만족스러웠습니다.
ESAT00534,ECON00534,CUST00155,2024-12-26,5,8,
ESAT00535,ECON00535,CUST00155,2025-07-11,3,4,
ESAT00536,ECON00536,CUST00155,2024-12-17,3,5,
ESAT00537,ECON00537,CUST00121,2025-05-04,3,5,
ESAT00538,ECON00538,CUST00121,2025-06-07,5,10,문제가 깔끔하게 해결됐어요.
ESAT00539,ECON00539,CUST00121,2025-12-30,2,2,
ESAT00540,ECON00540,CUST00121,2024-05-19,4,7,
ESAT00541,ECON00541,CUST00121,2024-01-13,2,3,기대보다 별로였어요.
ESAT00542,ECON00542,CUST00195,2024-03-14,3,8,
ESAT00543,ECON00543,CUST00195,2025-05-14,1,0,응대가 늦어서 아쉬웠습니다.
ESAT00544,ECON00544,CUST00195,2025-01-27,3,8,
ESAT00545,ECON00545,CUST00195,2025-03-29,5,9,
ESAT00546,ECON00546,CUST00195,2024-06-25,5,10,
ESAT00547,ECON00547,CUST00229,2025-09-15,5,10,기대 이상으로 만족스러웠습니다.
ESAT00548,ECON00548,CUST00229,2024-01-08,5,10,
ESAT00549,ECON00549,CUST00190,2024-01-04,5,10,
ESAT00550,ECON00550,CUST00190,2025-11-21,4,10,
ESAT00551,ECON00551,CUST00190,2024-04-19,3,7,
ESAT00552,ECON00552,CUST00190,2024-06-17,3,5,
ESAT00553,ECON00553,CUST00190,2024-01-05,4,7,
ESAT00554,ECON00554,CUST00190,2025-09-27,5,10,
ESAT00555,ECON00555,CUST00190,2025-04-16,4,8,
ESAT00556,ECON00556,CUST00280,2025-08-26,4,6,
ESAT00557,ECON00557,CUST00280,2025-10-08,3,5,
ESAT00558,ECON00558,CUST00280,2025-02-17,5,10,기대 이상으로 만족스러웠습니다.
ESAT00559,ECON00559,CUST00280,2025-10-24,4,6,
ESAT00560,ECON00560,CUST00280,2025-04-22,5,10,
ESAT00561,ECON00561,CUST00280,2025-02-12,1,3,
ESAT00562,ECON00562,CUST00116,2025-04-30,5,10,
ESAT00563,ECON00563,CUST00116,2025-09-27,5,9,
ESAT00564,ECON00564,CUST00116,2025-09-15,4,8,
ESAT00565,ECON00565,CUST00116,2025-10-03,4,9,
ESAT00566,ECON00566,CUST00156,2024-03-24,5,10,문제가 깔끔하게 해결됐어요.
ESAT00567,ECON00567,CUST00156,2025-01-13,5,8,
ESAT00568,ECON00568,CUST00134,2025-11-17,4,7,기대 이상으로 만족스러웠습니다.
ESAT00569,ECON00569,CUST00134,2025-07-08,2,6,
ESAT00570,ECON00570,CUST00134,2025-07-20,2,3,문제가 완전히 해결되지 않았습니다.
ESAT00571,ECON00571,CUST00134,2025-04-10,4,7,
ESAT00572,ECON00572,CUST00086,2024-05-26,2,4,문제가 완전히 해결되지 않았습니다.
ESAT00573,ECON00573,CUST00086,2025-07-04,5,8,빠르고 친절한 응대 감사합니다.
ESAT00574,ECON00574,CUST00086,2025-10-27,2,6,응대가 늦어서 아쉬웠습니다.
ESAT00575,ECON00575,CUST00086,2025-02-11,2,5,
ESAT00576,ECON00576,CUST00086,2024-12-19,2,5,
ESAT00577,ECON00577,CUST00086,2024-08-03,1,3,응대가 늦어서 아쉬웠습니다.
ESAT00578,ECON00578,CUST00086,2024-03-16,2,3,기대보다 별로였어요.
ESAT00579,ECON00579,CUST00396,2024-04-11,4,8,
ESAT00580,ECON00580,CUST00396,2025-08-09,4,9,
ESAT00581,ECON00581,CUST00396,2024-12-30,5,9,
ESAT00582,ECON00582,CUST00396,2025-01-12,4,8,빠르고 친절한 응대 감사합니다.
ESAT00583,ECON00583,CUST00166,2024-02-03,2,2,
ESAT00584,ECON00584,CUST00166,2025-10-19,4,9,
ESAT00585,ECON00585,CUST00166,2025-01-15,3,5,
ESAT00586,ECON00586,CUST00166,2025-07-25,3,4,
ESAT00587,ECON00587,CUST00188,2024-03-06,5,10,
ESAT00588,ECON00588,CUST00188,2025-07-25,5,10,빠르고 친절한 응대 감사합니다.
ESAT00589,ECON00589,CUST00188,2024-04-23,4,8,
ESAT00590,ECON00590,CUST00188,2024-11-20,3,6,
ESAT00591,ECON00591,CUST00188,2024-05-17,1,0,응대가 늦어서 아쉬웠습니다.
ESAT00592,ECON00592,CUST00274,2024-03-13,3,4,
ESAT00593,ECON00593,CUST00274,2024-01-28,2,4,응대가 늦어서 아쉬웠습니다.
ESAT00594,ECON00594,CUST00274,2024-05-23,5,10,기대 이상으로 만족스러웠습니다.
ESAT00595,ECON00595,CUST00313,2025-10-31,3,8,
ESAT00596,ECON00596,CUST00313,2025-04-07,5,10,
ESAT00597,ECON00597,CUST00313,2024-11-09,3,7,
ESAT00598,ECON00598,CUST00313,2025-01-04,2,6,
ESAT00599,ECON00599,CUST00099,2025-11-21,2,6,
ESAT00600,ECON00600,CUST00099,2024-10-06,3,8,
ESAT00601,ECON00601,CUST00077,2025-07-12,3,5,
ESAT00602,ECON00602,CUST00122,2025-09-16,3,7,
ESAT00603,ECON00603,CUST00122,2025-03-04,5,8,
ESAT00604,ECON00604,CUST00184,2024-03-25,4,9,기대 이상으로 만족스러웠습니다.
ESAT00605,ECON00605,CUST00184,2024-06-05,1,0,문제가 완전히 해결되지 않았습니다.
ESAT00606,ECON00606,CUST00184,2024-01-19,1,3,
ESAT00607,ECON00607,CUST00184,2025-03-09,5,10,
ESAT00608,ECON00608,CUST00127,2025-08-23,4,7,
ESAT00609,ECON00609,CUST00127,2025-06-19,4,6,
ESAT00610,ECON00610,CUST00127,2025-01-27,5,10,
ESAT00611,ECON00611,CUST00127,2024-09-22,4,7,
ESAT00612,ECON00612,CUST00127,2024-08-08,4,9,
ESAT00613,ECON00613,CUST00245,2024-08-28,3,5,
ESAT00614,ECON00614,CUST00245,2024-08-27,3,6,
ESAT00615,ECON00615,CUST00232,2024-08-17,5,10,
ESAT00616,ECON00616,CUST00232,2025-09-25,1,3,
ESAT00617,ECON00617,CUST00232,2025-07-11,1,2,
ESAT00618,ECON00618,CUST00232,2025-11-24,5,9,
ESAT00619,ECON00619,CUST00042,2025-10-12,4,6,
ESAT00620,ECON00620,CUST00042,2024-06-18,4,10,
ESAT00621,ECON00621,CUST00042,2024-02-18,3,8,
ESAT00622,ECON00622,CUST00042,2024-02-02,5,10,빠르고 친절한 응대 감사합니다.
ESAT00623,ECON00623,CUST00042,2024-08-25,5,9,
ESAT00624,ECON00624,CUST00178,2024-08-30,2,4,문제가 완전히 해결되지 않았습니다.
ESAT00625,ECON00625,CUST00178,2024-11-07,4,8,
ESAT00626,ECON00626,CUST00168,2024-02-25,4,9,
ESAT00627,ECON00627,CUST00168,2025-05-31,5,10,
ESAT00628,ECON00628,CUST00168,2024-06-09,4,10,
ESAT00629,ECON00629,CUST00317,2024-08-25,4,9,
ESAT00630,ECON00630,CUST00317,2025-12-28,4,7,기대 이상으로 만족스러웠습니다.
ESAT00631,ECON00631,CUST00317,2025-08-03,1,4,응대가 늦어서 아쉬웠습니다.
ESAT00632,ECON00632,CUST00317,2024-09-04,3,5,
ESAT00633,ECON00633,CUST00235,2025-11-24,3,4,
ESAT00634,ECON00634,CUST00235,2025-11-18,4,9,
ESAT00635,ECON00635,CUST00235,2025-11-24,4,10,문제가 깔끔하게 해결됐어요.
ESAT00636,ECON00636,CUST00235,2025-12-15,2,4,응대가 늦어서 아쉬웠습니다.
ESAT00637,ECON00637,CUST00235,2025-11-02,5,10,기대 이상으로 만족스러웠습니다.
ESAT00638,ECON00638,CUST00235,2025-12-26,5,8,문제가 깔끔하게 해결됐어요.
ESAT00639,ECON00639,CUST00021,2025-12-25,5,10,기대 이상으로 만족스러웠습니다.
ESAT00640,ECON00640,CUST00021,2025-12-09,4,9,
ESAT00641,ECON00641,CUST00021,2025-12-28,4,8,빠르고 친절한 응대 감사합니다.
ESAT00642,ECON00642,CUST00021,2025-12-21,2,5,
ESAT00643,ECON00643,CUST00012,2025-11-21,3,8,
ESAT00644,ECON00644,CUST00012,2025-08-03,1,4,
ESAT00645,ECON00645,CUST00012,2025-02-25,5,9,
ESAT00646,ECON00646,CUST00012,2025-11-08,5,9,
ESAT00647,ECON00647,CUST00012,2025-08-02,3,6,
ESAT00648,ECON00648,CUST00012,2025-08-25,5,10,빠르고 친절한 응대 감사합니다.
ESAT00649,ECON00649,CUST00301,2025-11-18,5,10,
ESAT00650,ECON00650,CUST00135,2025-01-01,4,9,빠르고 친절한 응대 감사합니다.
ESAT00651,ECON00651,CUST00135,2025-03-08,3,8,
ESAT00652,ECON00652,CUST00135,2024-12-14,5,10,문제가 깔끔하게 해결됐어요.
ESAT00653,ECON00653,CUST00135,2024-12-12,3,7,
ESAT00654,ECON00654,CUST00135,2025-04-19,2,5,문제가 완전히 해결되지 않았습니다.
ESAT00655,ECON00655,CUST00307,2025-10-16,5,8,
ESAT00656,ECON00656,CUST00307,2024-06-06,2,3,
ESAT00657,ECON00657,CUST00164,2024-09-03,2,3,기대보다 별로였어요.
ESAT00658,ECON00658,CUST00164,2024-11-26,3,6,
ESAT00659,ECON00659,CUST00392,2025-05-18,2,4,문제가 완전히 해결되지 않았습니다.
ESAT00660,ECON00660,CUST00392,2025-05-24,5,10,
ESAT00661,ECON00661,CUST00392,2025-06-02,1,1,응대가 늦어서 아쉬웠습니다.
ESAT00662,ECON00662,CUST00392,2025-05-07,4,6,기대 이상으로 만족스러웠습니다.
ESAT00663,ECON00663,CUST00266,2025-10-11,2,6,
ESAT00664,ECON00664,CUST00266,2024-12-28,3,7,
ESAT00665,ECON00665,CUST00266,2024-03-12,4,10,
ESAT00666,ECON00666,CUST00266,2024-08-03,4,9,기대 이상으로 만족스러웠습니다.
ESAT00667,ECON00667,CUST00266,2024-02-07,5,8,
ESAT00668,ECON00668,CUST00068,2024-07-08,5,8,
ESAT00669,ECON00669,CUST00068,2024-08-15,2,2,
ESAT00670,ECON00670,CUST00068,2024-07-26,5,10,
ESAT00671,ECON00671,CUST00075,2024-05-28,5,10,
ESAT00672,ECON00672,CUST00075,2025-10-29,4,6,
ESAT00673,ECON00673,CUST00075,2025-06-02,5,10,
ESAT00674,ECON00674,CUST00075,2024-05-28,5,9,
ESAT00675,ECON00675,CUST00145,2025-05-17,5,8,기대 이상으로 만족스러웠습니다.
ESAT00676,ECON00676,CUST00145,2025-07-24,3,5,
ESAT00677,ECON00677,CUST00145,2025-02-05,1,4,
ESAT00678,ECON00678,CUST00182,2025-11-05,4,10,문제가 깔끔하게 해결됐어요.
ESAT00679,ECON00679,CUST00182,2025-12-18,2,2,문제가 완전히 해결되지 않았습니다.
ESAT00680,ECON00680,CUST00182,2025-06-20,4,7,
ESAT00681,ECON00681,CUST00146,2025-10-05,2,5,
ESAT00682,ECON00682,CUST00345,2024-05-27,3,5,
ESAT00683,ECON00683,CUST00345,2025-03-27,2,3,응대가 늦어서 아쉬웠습니다.
ESAT00684,ECON00684,CUST00103,2025-06-15,5,9,
ESAT00685,ECON00685,CUST00103,2024-03-14,5,10,
ESAT00686,ECON00686,CUST00249,2025-08-10,5,10,
ESAT00687,ECON00687,CUST00249,2025-03-21,5,10,문제가 깔끔하게 해결됐어요.
ESAT00688,ECON00688,CUST00196,2025-09-05,3,5,
ESAT00689,ECON00689,CUST00196,2025-09-09,4,8,
ESAT00690,ECON00690,CUST00050,2025-12-06,4,7,문제가 깔끔하게 해결됐어요.
ESAT00691,ECON00691,CUST00206,2024-11-29,4,6,빠르고 친절한 응대 감사합니다.
ESAT00692,ECON00692,CUST00206,2025-08-04,1,4,응대가 늦어서 아쉬웠습니다.
ESAT00693,ECON00693,CUST00277,2025-11-13,1,0,문제가 완전히 해결되지 않았습니다.
ESAT00694,ECON00694,CUST00277,2024-06-02,5,8,빠르고 친절한 응대 감사합니다.
ESAT00695,ECON00695,CUST00277,2024-12-29,3,5,
ESAT00696,ECON00696,CUST00277,2024-10-04,4,10,
ESAT00697,ECON00697,CUST00277,2025-06-09,4,9,기대 이상으로 만족스러웠습니다.
ESAT00698,ECON00698,CUST00277,2024-07-06,4,6,문제가 깔끔하게 해결됐어요.
ESAT00699,ECON00699,CUST00381,2024-04-27,3,6,
ESAT00700,ECON00700,CUST00381,2025-01-05,4,7,
ESAT00701,ECON00701,CUST00381,2025-05-11,4,9,
ESAT00702,ECON00702,CUST00381,2025-10-05,4,7,빠르고 친절한 응대 감사합니다.
ESAT00703,ECON00703,CUST00381,2025-03-28,1,1,
ESAT00704,ECON00704,CUST00130,2024-06-03,1,0,
ESAT00705,ECON00705,CUST00130,2024-06-12,5,9,
ESAT00706,ECON00706,CUST00130,2024-01-08,2,2,기대보다 별로였어요.
ESAT00707,ECON00707,CUST00153,2025-08-07,4,10,기대 이상으로 만족스러웠습니다.
ESAT00708,ECON00708,CUST00153,2024-06-16,5,10,문제가 깔끔하게 해결됐어요.
ESAT00709,ECON00709,CUST00083,2025-11-26,4,7,기대 이상으로 만족스러웠습니다.
ESAT00710,ECON00710,CUST00083,2025-10-07,1,4,
ESAT00711,ECON00711,CUST00083,2025-09-20,2,2,기대보다 별로였어요.
ESAT00712,ECON00712,CUST00083,2025-11-29,2,3,문제가 완전히 해결되지 않았습니다.
ESAT00713,ECON00713,CUST00083,2025-07-01,2,3,문제가 완전히 해결되지 않았습니다.
ESAT00714,ECON00714,CUST00233,2024-04-10,3,7,
ESAT00715,ECON00715,CUST00233,2024-08-01,2,4,응대가 늦어서 아쉬웠습니다.
ESAT00716,ECON00716,CUST00233,2025-04-15,3,4,
ESAT00717,ECON00717,CUST00215,2024-02-19,3,7,
ESAT00718,ECON00718,CUST00023,2024-12-29,5,10,
ESAT00719,ECON00719,CUST00023,2025-05-05,3,6,
ESAT00720,ECON00720,CUST00023,2024-10-26,5,10,
ESAT00721,ECON00721,CUST00261,2024-06-18,4,10,
ESAT00722,ECON00722,CUST00261,2024-03-06,4,7,
ESAT00723,ECON00723,CUST00261,2024-08-08,4,7,기대 이상으로 만족스러웠습니다.
ESAT00724,ECON00724,CUST00261,2025-11-02,1,4,
ESAT00725,ECON00725,CUST00349,2024-11-22,5,9,기대 이상으로 만족스러웠습니다.
ESAT00726,ECON00726,CUST00349,2025-08-02,4,10,문제가 깔끔하게 해결됐어요.
ESAT00727,ECON00727,CUST00349,2025-01-12,1,1,
ESAT00728,ECON00728,CUST00281,2024-11-19,2,2,
ESAT00729,ECON00729,CUST00281,2025-04-14,4,6,
ESAT00730,ECON00730,CUST00254,2024-06-30,5,8,기대 이상으로 만족스러웠습니다.
ESAT00731,ECON00731,CUST00254,2024-03-08,5,10,문제가 깔끔하게 해결됐어요.
ESAT00732,ECON00732,CUST00254,2024-09-01,5,9,
ESAT00733,ECON00733,CUST00254,2024-09-30,3,6,
ESAT00734,ECON00734,CUST00254,2024-01-12,4,7,
ESAT00735,ECON00735,CUST00096,2024-08-18,5,10,문제가 깔끔하게 해결됐어요.
ESAT00736,ECON00736,CUST00096,2025-11-25,2,2,
ESAT00737,ECON00737,CUST00079,2024-10-06,1,2,기대보다 별로였어요.
ESAT00738,ECON00738,CUST00079,2024-02-28,1,4,
ESAT00739,ECON00739,CUST00079,2025-01-04,5,10,빠르고 친절한 응대 감사합니다.
ESAT00740,ECON00740,CUST00079,2024-06-04,5,10,
ESAT00741,ECON00741,CUST00079,2025-07-30,4,7,문제가 깔끔하게 해결됐어요.
ESAT00742,ECON00742,CUST00284,2025-03-11,4,7,기대 이상으로 만족스러웠습니다.
ESAT00743,ECON00743,CUST00284,2025-05-06,2,2,
ESAT00744,ECON00744,CUST00284,2025-04-10,1,1,
ESAT00745,ECON00745,CUST00284,2024-09-24,1,2,응대가 늦어서 아쉬웠습니다.
ESAT00746,ECON00746,CUST00284,2024-03-18,5,9,
ESAT00747,ECON00747,CUST00394,2025-12-26,5,10,
ESAT00748,ECON00748,CUST00394,2025-10-03,4,10,
ESAT00749,ECON00749,CUST00339,2024-04-15,3,4,
ESAT00750,ECON00750,CUST00339,2025-03-21,3,6,
ESAT00751,ECON00751,CUST00339,2025-11-11,4,6,기대 이상으로 만족스러웠습니다.
ESAT00752,ECON00752,CUST00339,2024-12-11,5,8,
ESAT00753,ECON00753,CUST00339,2024-03-12,4,7,기대 이상으로 만족스러웠습니다.
ESAT00754,ECON00754,CUST00339,2025-01-28,5,8,
ESAT00755,ECON00755,CUST00207,2024-03-06,4,7,빠르고 친절한 응대 감사합니다.
ESAT00756,ECON00756,CUST00207,2025-11-07,3,6,
ESAT00757,ECON00757,CUST00048,2024-04-28,1,2,문제가 완전히 해결되지 않았습니다.
ESAT00758,ECON00758,CUST00048,2024-12-23,5,10,
ESAT00759,ECON00759,CUST00048,2025-03-27,2,6,
ESAT00760,ECON00760,CUST00367,2025-10-23,4,8,문제가 깔끔하게 해결됐어요.
ESAT00761,ECON00761,CUST00367,2025-09-25,1,2,
ESAT00762,ECON00762,CUST00367,2025-12-23,1,2,기대보다 별로였어요.
ESAT00763,ECON00763,CUST00074,2025-08-28,2,5,기대보다 별로였어요.
ESAT00764,ECON00764,CUST00074,2025-08-17,2,2,
ESAT00765,ECON00765,CUST00074,2024-12-10,4,8,
ESAT00766,ECON00766,CUST00210,2024-09-13,2,2,기대보다 별로였어요.
ESAT00767,ECON00767,CUST00210,2024-09-20,3,4,
ESAT00768,ECON00768,CUST00210,2025-04-13,3,5,
ESAT00769,ECON00769,CUST00210,2025-11-03,2,6,
ESAT00770,ECON00770,CUST00044,2024-03-04,5,10,
ESAT00771,ECON00771,CUST00044,2024-08-24,1,3,
ESAT00772,ECON00772,CUST00362,2024-10-04,1,0,문제가 완전히 해결되지 않았습니다.
ESAT00773,ECON00773,CUST00362,2025-03-08,3,5,
ESAT00774,ECON00774,CUST00051,2024-06-07,1,4,
ESAT00775,ECON00775,CUST00051,2024-12-08,3,5,
ESAT00776,ECON00776,CUST00051,2025-06-08,3,8,
ESAT00777,ECON00777,CUST00051,2024-01-24,2,2,응대가 늦어서 아쉬웠습니다.
ESAT00778,ECON00778,CUST00105,2025-11-28,5,10,
ESAT00779,ECON00779,CUST00105,2024-08-26,3,6,
ESAT00780,ECON00780,CUST00105,2025-04-28,4,8,
ESAT00781,ECON00781,CUST00105,2024-04-03,4,10,
ESAT00782,ECON00782,CUST00318,2025-01-09,3,5,
ESAT00783,ECON00783,CUST00318,2024-09-07,5,8,
ESAT00784,ECON00784,CUST00036,2025-05-08,3,6,
ESAT00785,ECON00785,CUST00036,2025-10-03,4,10,
ESAT00786,ECON00786,CUST00036,2024-09-26,3,4,
ESAT00787,ECON00787,CUST00036,2025-12-13,5,10,
ESAT00788,ECON00788,CUST00253,2025-06-05,4,8,기대 이상으로 만족스러웠습니다.
ESAT00789,ECON00789,CUST00253,2025-06-07,5,10,문제가 깔끔하게 해결됐어요.
ESAT00790,ECON00790,CUST00290,2025-07-01,5,9,
ESAT00791,ECON00791,CUST00290,2024-11-18,5,10,
ESAT00792,ECON00792,CUST00290,2025-01-04,5,8,빠르고 친절한 응대 감사합니다.
ESAT00793,ECON00793,CUST00290,2025-10-24,3,4,
ESAT00794,ECON00794,CUST00290,2025-08-10,3,4,
ESAT00795,ECON00795,CUST00186,2025-11-30,5,10,기대 이상으로 만족스러웠습니다.
ESAT00796,ECON00796,CUST00186,2024-06-29,2,2,문제가 완전히 해결되지 않았습니다.
ESAT00797,ECON00797,CUST00186,2024-05-22,5,8,
ESAT00798,ECON00798,CUST00034,2025-09-24,4,6,
ESAT00799,ECON00799,CUST00056,2025-08-11,1,1,
ESAT00800,ECON00800,CUST00056,2024-05-10,1,4,
ESAT00801,ECON00801,CUST00056,2024-03-03,2,6,
ESAT00802,ECON00802,CUST00263,2025-03-11,2,6,
ESAT00803,ECON00803,CUST00263,2025-03-02,2,6,
ESAT00804,ECON00804,CUST00263,2024-04-15,2,4,
ESAT00805,ECON00805,CUST00095,2024-03-17,5,9,
ESAT00806,ECON00806,CUST00095,2024-11-05,1,4,응대가 늦어서 아쉬웠습니다.
ESAT00807,ECON00807,CUST00057,2024-11-13,1,1,기대보다 별로였어요.
ESAT00808,ECON00808,CUST00057,2025-06-17,4,7,
ESAT00809,ECON00809,CUST00057,2025-12-13,4,9,
ESAT00810,ECON00810,CUST00333,2024-09-12,4,7,빠르고 친절한 응대 감사합니다.
ESAT00811,ECON00811,CUST00333,2025-01-14,2,3,
ESAT00812,ECON00812,CUST00333,2025-02-15,5,10,빠르고 친절한 응대 감사합니다.
ESAT00813,ECON00813,CUST00386,2025-03-12,1,4,
ESAT00814,ECON00814,CUST00386,2024-12-30,4,8,
ESAT00815,ECON00815,CUST00386,2024-10-17,3,5,
ESAT00816,ECON00816,CUST00386,2024-09-19,4,6,빠르고 친절한 응대 감사합니다.
ESAT00817,ECON00817,CUST00386,2025-10-04,1,2,
ESAT00818,ECON00818,CUST00091,2025-06-19,3,5,
ESAT00819,ECON00819,CUST00091,2024-10-10,4,8,빠르고 친절한 응대 감사합니다.
ESAT00820,ECON00820,CUST00091,2025-02-17,5,9,문제가 깔끔하게 해결됐어요.
ESAT00821,ECON00821,CUST00091,2024-10-10,5,9,
ESAT00822,ECON00822,CUST00091,2024-04-16,3,8,
ESAT00823,ECON00823,CUST00091,2024-07-12,5,10,빠르고 친절한 응대 감사합니다.
ESAT00824,ECON00824,CUST00211,2024-04-18,5,10,
ESAT00825,ECON00825,CUST00211,2025-07-20,1,1,
ESAT00826,ECON00826,CUST00211,2024-07-22,5,10,
ESAT00827,ECON00827,CUST00211,2024-07-07,5,10,
ESAT00828,ECON00828,CUST00189,2024-04-29,3,7,
ESAT00829,ECON00829,CUST00189,2025-04-09,4,6,기대 이상으로 만족스러웠습니다.
ESAT00830,ECON00830,CUST00189,2025-02-26,5,9,
ESAT00831,ECON00831,CUST00189,2025-03-28,4,9,
ESAT00832,ECON00832,CUST00189,2024-08-07,5,10,
ESAT00833,ECON00833,CUST00100,2025-01-13,3,6,
ESAT00834,ECON00834,CUST00100,2025-10-12,2,6,
ESAT00835,ECON00835,CUST00100,2025-10-15,5,10,
ESAT00836,ECON00836,CUST00366,2024-10-04,3,4,
ESAT00837,ECON00837,CUST00366,2024-10-16,2,5,
ESAT00838,ECON00838,CUST00366,2025-09-09,3,7,
ESAT00839,ECON00839,CUST00341,2026-01-02,5,9,문제가 깔끔하게 해결됐어요.
ESAT00840,ECON00840,CUST00341,2025-12-31,4,9,
ESAT00841,ECON00841,CUST00341,2025-12-22,3,6,
ESAT00842,ECON00842,CUST00341,2025-12-21,5,10,
ESAT00843,ECON00843,CUST00341,2025-12-15,3,7,
ESAT00844,ECON00844,CUST00342,2024-06-26,4,6,
ESAT00845,ECON00845,CUST00342,2024-02-06,3,6,
ESAT00846,ECON00846,CUST00342,2024-04-24,5,10,빠르고 친절한 응대 감사합니다.
ESAT00847,ECON00847,CUST00388,2025-05-09,4,10,
ESAT00848,ECON00848,CUST00388,2025-06-14,1,0,
ESAT00849,ECON00849,CUST00388,2025-06-26,1,2,
ESAT00850,ECON00850,CUST00388,2025-10-21,2,2,
ESAT00851,ECON00851,CUST00143,2025-01-10,5,8,
ESAT00852,ECON00852,CUST00143,2024-12-22,4,9,
ESAT00853,ECON00853,CUST00143,2025-01-26,2,6,문제가 완전히 해결되지 않았습니다.
ESAT00854,ECON00854,CUST00143,2025-01-02,5,10,
ESAT00855,ECON00855,CUST00247,2024-09-06,1,0,문제가 완전히 해결되지 않았습니다.
ESAT00856,ECON00856,CUST00247,2024-05-20,1,1,문제가 완전히 해결되지 않았습니다.
ESAT00857,ECON00857,CUST00247,2025-01-05,2,3,문제가 완전히 해결되지 않았습니다.
ESAT00858,ECON00858,CUST00043,2024-11-06,5,9,
ESAT00859,ECON00859,CUST00043,2024-02-17,1,1,
ESAT00860,ECON00860,CUST00043,2025-01-19,5,9,문제가 깔끔하게 해결됐어요.
ESAT00861,ECON00861,CUST00043,2024-07-13,5,9,문제가 깔끔하게 해결됐어요.
ESAT00862,ECON00862,CUST00043,2024-02-09,3,5,
ESAT00863,ECON00863,CUST00043,2024-06-26,4,6,
ESAT00864,ECON00864,CUST00043,2025-09-09,3,4,
ESAT00865,ECON00865,CUST00043,2025-08-06,4,10,
ESAT00866,ECON00866,CUST00101,2024-12-04,2,6,기대보다 별로였어요.
ESAT00867,ECON00867,CUST00101,2025-03-23,5,9,
ESAT00868,ECON00868,CUST00101,2024-04-07,2,2,
ESAT00869,ECON00869,CUST00218,2025-04-20,5,10,
ESAT00870,ECON00870,CUST00218,2025-01-18,3,8,
ESAT00871,ECON00871,CUST00291,2025-07-19,4,7,빠르고 친절한 응대 감사합니다.
ESAT00872,ECON00872,CUST00291,2025-02-13,4,8,빠르고 친절한 응대 감사합니다.
ESAT00873,ECON00873,CUST00291,2025-09-06,4,8,
ESAT00874,ECON00874,CUST00291,2025-01-16,3,5,
ESAT00875,ECON00875,CUST00309,2025-11-11,5,9,문제가 깔끔하게 해결됐어요.
ESAT00876,ECON00876,CUST00360,2025-10-17,4,9,
ESAT00877,ECON00877,CUST00360,2024-08-23,3,5,
ESAT00878,ECON00878,CUST00360,2025-05-29,5,8,기대 이상으로 만족스러웠습니다.
ESAT00879,ECON00879,CUST00108,2024-03-12,4,7,
ESAT00880,ECON00880,CUST00108,2025-03-03,3,7,
ESAT00881,ECON00881,CUST00108,2025-10-11,3,8,
ESAT00882,ECON00882,CUST00108,2024-02-12,5,10,
ESAT00883,ECON00883,CUST00193,2025-03-11,1,3,
ESAT00884,ECON00884,CUST00193,2024-04-14,3,8,
ESAT00885,ECON00885,CUST00193,2025-09-30,1,4,
ESAT00886,ECON00886,CUST00193,2025-02-21,5,10,빠르고 친절한 응대 감사합니다.
ESAT00887,ECON00887,CUST00370,2024-10-31,4,8,
ESAT00888,ECON00888,CUST00370,2025-04-15,3,7,
ESAT00889,ECON00889,CUST00370,2025-10-28,4,10,
ESAT00890,ECON00890,CUST00370,2025-05-16,2,4,문제가 완전히 해결되지 않았습니다.
ESAT00891,ECON00891,CUST00304,2025-08-19,1,1,응대가 늦어서 아쉬웠습니다.
ESAT00892,ECON00892,CUST00304,2025-11-14,5,10,
ESAT00893,ECON00893,CUST00272,2024-02-04,3,5,
ESAT00894,ECON00894,CUST00272,2025-12-25,5,10,문제가 깔끔하게 해결됐어요.
ESAT00895,ECON00895,CUST00272,2024-09-12,4,6,
ESAT00896,ECON00896,CUST00272,2024-10-24,1,2,문제가 완전히 해결되지 않았습니다.
ESAT00897,ECON00897,CUST00097,2025-02-13,3,8,
ESAT00898,ECON00898,CUST00097,2025-01-24,2,4,문제가 완전히 해결되지 않았습니다.
ESAT00899,ECON00899,CUST00097,2025-04-17,2,6,응대가 늦어서 아쉬웠습니다.
ESAT00900,ECON00900,CUST00097,2024-06-08,4,7,기대 이상으로 만족스러웠습니다.
ESAT00901,ECON00901,CUST00097,2024-04-10,2,3,
ESAT00902,ECON00902,CUST00006,2024-05-15,1,0,
ESAT00903,ECON00903,CUST00006,2025-04-06,1,2,
ESAT00904,ECON00904,CUST00006,2024-06-05,1,3,응대가 늦어서 아쉬웠습니다.
ESAT00905,ECON00905,CUST00006,2024-01-09,3,4,
ESAT00906,ECON00906,CUST00006,2025-07-08,3,5,
ESAT00907,ECON00907,CUST00006,2024-08-01,3,4,
ESAT00908,ECON00908,CUST00025,2025-02-26,2,6,
ESAT00909,ECON00909,CUST00025,2025-03-24,5,10,
ESAT00910,ECON00910,CUST00025,2024-03-12,3,8,
ESAT00911,ECON00911,CUST00025,2025-04-01,4,10,
ESAT00912,ECON00912,CUST00080,2025-04-06,3,6,
ESAT00913,ECON00913,CUST00080,2024-08-26,3,5,
ESAT00914,ECON00914,CUST00080,2025-01-28,2,3,
ESAT00915,ECON00915,CUST00080,2025-10-16,5,9,
ESAT00916,ECON00916,CUST00080,2024-05-13,4,6,
ESAT00917,ECON00917,CUST00080,2025-05-07,5,10,문제가 깔끔하게 해결됐어요.
ESAT00918,ECON00918,CUST00085,2024-01-27,4,8,문제가 깔끔하게 해결됐어요.
ESAT00919,ECON00919,CUST00085,2024-01-24,5,8,
ESAT00920,ECON00920,CUST00085,2024-04-02,2,2,
ESAT00921,ECON00921,CUST00085,2025-11-09,1,1,기대보다 별로였어요.
ESAT00922,ECON00922,CUST00085,2024-04-21,4,7,
ESAT00923,ECON00923,CUST00085,2025-11-09,5,9,빠르고 친절한 응대 감사합니다.
ESAT00924,ECON00924,CUST00350,2024-12-06,3,4,
ESAT00925,ECON00925,CUST00350,2025-08-02,5,10,문제가 깔끔하게 해결됐어요.
ESAT00926,ECON00926,CUST00350,2024-08-11,5,8,문제가 깔끔하게 해결됐어요.
ESAT00927,ECON00927,CUST00219,2025-11-15,5,10,문제가 깔끔하게 해결됐어요.
ESAT00928,ECON00928,CUST00219,2025-01-07,4,7,문제가 깔끔하게 해결됐어요.
ESAT00929,ECON00929,CUST00219,2025-05-16,1,4,
ESAT00930,ECON00930,CUST00219,2024-10-01,5,8,
ESAT00931,ECON00931,CUST00149,2024-05-20,5,9,문제가 깔끔하게 해결됐어요.
ESAT00932,ECON00932,CUST00149,2025-11-21,5,9,빠르고 친절한 응대 감사합니다.
ESAT00933,ECON00933,CUST00149,2024-08-25,4,6,
ESAT00934,ECON00934,CUST00149,2025-10-11,5,9,문제가 깔끔하게 해결됐어요.
ESAT00935,ECON00935,CUST00183,2025-07-31,2,4,문제가 완전히 해결되지 않았습니다.
ESAT00936,ECON00936,CUST00183,2024-03-26,1,1,
ESAT00937,ECON00937,CUST00183,2025-12-12,5,9,빠르고 친절한 응대 감사합니다.
ESAT00938,ECON00938,CUST00183,2025-09-07,3,7,
ESAT00939,ECON00939,CUST00373,2024-12-02,5,10,문제가 깔끔하게 해결됐어요.
ESAT00940,ECON00940,CUST00373,2025-10-15,1,2,응대가 늦어서 아쉬웠습니다.
ESAT00941,ECON00941,CUST00373,2024-07-10,3,6,
ESAT00942,ECON00942,CUST00373,2024-12-23,1,3,문제가 완전히 해결되지 않았습니다.
ESAT00943,ECON00943,CUST00373,2024-05-02,3,8,
ESAT00944,ECON00944,CUST00373,2024-10-06,3,7,
ESAT00945,ECON00945,CUST00041,2024-01-15,5,10,문제가 깔끔하게 해결됐어요.
ESAT00946,ECON00946,CUST00041,2024-12-18,4,9,문제가 깔끔하게 해결됐어요.
ESAT00947,ECON00947,CUST00159,2024-02-08,5,9,
ESAT00948,ECON00948,CUST00159,2024-04-20,5,10,
ESAT00949,ECON00949,CUST00159,2024-03-30,5,9,
ESAT00950,ECON00950,CUST00159,2024-03-04,2,2,응대가 늦어서 아쉬웠습니다.
ESAT00951,ECON00951,CUST00159,2024-01-10,5,8,빠르고 친절한 응대 감사합니다.
ESAT00952,ECON00952,CUST00368,2024-12-19,5,10,
ESAT00953,ECON00953,CUST00368,2025-11-21,3,6,
ESAT00954,ECON00954,CUST00368,2025-08-17,1,3,
ESAT00955,ECON00955,CUST00368,2025-01-25,3,5,
ESAT00956,ECON00956,CUST00231,2024-08-01,1,2,
ESAT00957,ECON00957,CUST00231,2024-07-24,3,5,
ESAT00958,ECON00958,CUST00237,2024-07-19,3,8,
ESAT00959,ECON00959,CUST00237,2024-04-01,2,2,기대보다 별로였어요.
ESAT00960,ECON00960,CUST00237,2025-08-30,1,1,
ESAT00961,ECON00961,CUST00187,2024-12-20,5,10,
ESAT00962,ECON00962,CUST00187,2025-06-28,5,10,기대 이상으로 만족스러웠습니다.
ESAT00963,ECON00963,CUST00187,2025-03-28,1,4,
ESAT00964,ECON00964,CUST00115,2024-05-20,5,8,
ESAT00965,ECON00965,CUST00115,2025-10-14,3,4,
ESAT00966,ECON00966,CUST00115,2025-03-24,5,10,
ESAT00967,ECON00967,CUST00327,2024-02-15,5,10,
ESAT00968,ECON00968,CUST00327,2025-02-19,1,2,
ESAT00969,ECON00969,CUST00327,2024-10-14,5,10,기대 이상으로 만족스러웠습니다.
ESAT00970,ECON00970,CUST00327,2024-04-13,3,7,
ESAT00971,ECON00971,CUST00324,2024-08-24,1,0,문제가 완전히 해결되지 않았습니다.
ESAT00972,ECON00972,CUST00324,2025-11-04,5,10,
ESAT00973,ECON00973,CUST00324,2024-05-29,1,0,기대보다 별로였어요.
ESAT00974,ECON00974,CUST00324,2024-12-11,1,2,
ESAT00975,ECON00975,CUST00363,2025-10-27,5,10,문제가 깔끔하게 해결됐어요.
ESAT00976,ECON00976,CUST00363,2024-01-10,5,9,기대 이상으로 만족스러웠습니다.
ESAT00977,ECON00977,CUST00363,2024-03-12,1,2,기대보다 별로였어요.
ESAT00978,ECON00978,CUST00363,2024-11-01,1,2,응대가 늦어서 아쉬웠습니다.
ESAT00979,ECON00979,CUST00026,2024-05-04,5,10,
ESAT00980,ECON00980,CUST00026,2025-04-23,5,10,
ESAT00981,ECON00981,CUST00026,2025-12-17,3,4,
ESAT00982,ECON00982,CUST00136,2024-07-10,1,2,
ESAT00983,ECON00983,CUST00136,2024-05-30,2,3,
ESAT00984,ECON00984,CUST00136,2025-11-13,2,5,기대보다 별로였어요.
ESAT00985,ECON00985,CUST00136,2024-09-14,4,7,기대 이상으로 만족스러웠습니다.
ESAT00986,ECON00986,CUST00271,2025-09-20,2,4,
ESAT00987,ECON00987,CUST00271,2024-03-10,4,6,빠르고 친절한 응대 감사합니다.
ESAT00988,ECON00988,CUST00271,2025-10-17,2,3,문제가 완전히 해결되지 않았습니다.
ESAT00989,ECON00989,CUST00271,2024-11-11,4,7,빠르고 친절한 응대 감사합니다.
ESAT00990,ECON00990,CUST00390,2025-08-18,2,6,응대가 늦어서 아쉬웠습니다.
ESAT00991,ECON00991,CUST00390,2025-06-21,2,3,문제가 완전히 해결되지 않았습니다.
ESAT00992,ECON00992,CUST00390,2025-10-29,5,9,
ESAT00993,ECON00993,CUST00151,2025-06-08,2,6,
ESAT00994,ECON00994,CUST00151,2025-07-22,3,7,
ESAT00995,ECON00995,CUST00151,2025-08-08,1,4,
ESAT00996,ECON00996,CUST00151,2025-07-07,3,4,
ESAT00997,ECON00997,CUST00049,2024-04-24,3,6,
ESAT00998,ECON00998,CUST00049,2024-10-15,3,8,
ESAT00999,ECON00999,CUST00049,2025-11-02,5,10,
ESAT01000,ECON01000,CUST00049,2024-03-23,3,7,
ESAT01001,ECON01001,CUST00049,2024-12-16,5,8,
ESAT01002,ECON01002,CUST00351,2025-07-22,2,4,
ESAT01003,ECON01003,CUST00351,2025-10-22,5,8,
ESAT01004,ECON01004,CUST00351,2024-02-17,4,10,
ESAT01005,ECON01005,CUST00298,2024-10-05,4,9,빠르고 친절한 응대 감사합니다.
ESAT01006,ECON01006,CUST00298,2024-07-04,4,7,
ESAT01007,ECON01007,CUST00202,2025-03-06,1,2,응대가 늦어서 아쉬웠습니다.
ESAT01008,ECON01008,CUST00202,2024-01-22,5,9,
ESAT01009,ECON01009,CUST00202,2024-11-08,3,8,
ESAT01010,ECON01010,CUST00376,2025-10-29,4,8,
ESAT01011,ECON01011,CUST00376,2025-02-17,4,10,
ESAT01012,ECON01012,CUST00376,2025-02-20,4,8,기대 이상으로 만족스러웠습니다.
ESAT01013,ECON01013,CUST00295,2025-10-07,4,8,
ESAT01014,ECON01014,CUST00295,2024-11-28,1,0,기대보다 별로였어요.
ESAT01015,ECON01015,CUST00295,2025-12-26,2,6,기대보다 별로였어요.
ESAT01016,ECON01016,CUST00295,2025-12-13,2,2,
ESAT01017,ECON01017,CUST00379,2025-04-30,3,6,
ESAT01018,ECON01018,CUST00379,2024-12-04,2,2,기대보다 별로였어요.
ESAT01019,ECON01019,CUST00117,2025-07-22,5,10,문제가 깔끔하게 해결됐어요.
ESAT01020,ECON01020,CUST00117,2025-10-07,4,10,
ESAT01021,ECON01021,CUST00117,2024-10-18,2,4,
ESAT01022,ECON01022,CUST00180,2024-07-15,4,10,기대 이상으로 만족스러웠습니다.
ESAT01023,ECON01023,CUST00180,2024-07-07,5,10,
ESAT01024,ECON01024,CUST00144,2024-06-04,3,6,
ESAT01025,ECON01025,CUST00256,2025-07-23,5,10,
ESAT01026,ECON01026,CUST00256,2025-03-28,2,3,기대보다 별로였어요.
ESAT01027,ECON01027,CUST00256,2025-05-20,1,2,문제가 완전히 해결되지 않았습니다.
ESAT01028,ECON01028,CUST00256,2025-02-17,5,8,빠르고 친절한 응대 감사합니다.
ESAT01029,ECON01029,CUST00256,2024-09-18,5,10,
ESAT01030,ECON01030,CUST00256,2025-03-25,5,9,기대 이상으로 만족스러웠습니다.
ESAT01031,ECON01031,CUST00319,2025-12-18,2,2,
ESAT01032,ECON01032,CUST00226,2026-01-01,3,8,
ESAT01033,ECON01033,CUST00226,2024-09-04,5,10,
ESAT01034,ECON01034,CUST00226,2025-03-06,4,10,
ESAT01035,ECON01035,CUST00226,2025-12-07,4,7,기대 이상으로 만족스러웠습니다.
ESAT01036,ECON01036,CUST00133,2025-10-01,3,4,
ESAT01037,ECON01037,CUST00133,2024-09-01,3,8,
ESAT01038,ECON01038,CUST00133,2025-02-10,5,10,
ESAT01039,ECON01039,CUST00133,2024-06-02,5,10,
ESAT01040,ECON01040,CUST00133,2025-07-18,2,2,
ESAT01041,ECON01041,CUST00275,2025-01-15,1,2,문제가 완전히 해결되지 않았습니다.
ESAT01042,ECON01042,CUST00275,2025-02-07,4,10,
ESAT01043,ECON01043,CUST00275,2025-12-18,4,9,
ESAT01044,ECON01044,CUST00275,2024-10-05,5,10,
ESAT01045,ECON01045,CUST00391,2024-03-16,4,6,기대 이상으로 만족스러웠습니다.
ESAT01046,ECON01046,CUST00391,2025-04-08,1,0,응대가 늦어서 아쉬웠습니다.
ESAT01047,ECON01047,CUST00391,2025-06-15,5,10,
ESAT01048,ECON01048,CUST00391,2025-07-28,4,10,기대 이상으로 만족스러웠습니다.
ESAT01049,ECON01049,CUST00391,2025-08-13,4,7,
ESAT01050,ECON01050,CUST00391,2024-11-01,2,6,
ESAT01051,ECON01051,CUST00330,2024-02-03,3,7,
ESAT01052,ECON01052,CUST00330,2024-08-05,3,6,
ESAT01053,ECON01053,CUST00330,2024-01-30,2,6,
ESAT01054,ECON01054,CUST00330,2024-02-29,2,3,
ESAT01055,ECON01055,CUST00330,2024-07-23,4,9,기대 이상으로 만족스러웠습니다.
ESAT01056,ECON01056,CUST00165,2025-04-11,2,3,응대가 늦어서 아쉬웠습니다.
ESAT01057,ECON01057,CUST00165,2024-05-12,4,10,
ESAT01058,ECON01058,CUST00165,2025-09-19,2,6,기대보다 별로였어요.
ESAT01059,ECON01059,CUST00165,2025-07-18,5,10,기대 이상으로 만족스러웠습니다.
ESAT01060,ECON01060,CUST00165,2024-09-12,4,8,
ESAT01061,ECON01061,CUST00321,2024-04-15,4,8,
ESAT01062,ECON01062,CUST00321,2024-08-27,3,7,
ESAT01063,ECON01063,CUST00321,2024-08-12,5,9,문제가 깔끔하게 해결됐어요.
ESAT01064,ECON01064,CUST00321,2024-04-18,5,10,
ESAT01065,ECON01065,CUST00321,2024-05-10,2,3,기대보다 별로였어요.
ESAT01066,ECON01066,CUST00242,2025-06-22,2,3,기대보다 별로였어요.
ESAT01067,ECON01067,CUST00242,2025-10-14,5,10,문제가 깔끔하게 해결됐어요.
ESAT01068,ECON01068,CUST00242,2024-11-17,3,7,
ESAT01069,ECON01069,CUST00242,2024-03-11,2,3,
ESAT01070,ECON01070,CUST00242,2025-06-23,5,10,기대 이상으로 만족스러웠습니다.
ESAT01071,ECON01071,CUST00242,2024-05-04,3,8,
ESAT01072,ECON01072,CUST00242,2024-08-31,4,8,
ESAT01073,ECON01073,CUST00148,2025-03-01,5,10,기대 이상으로 만족스러웠습니다.
ESAT01074,ECON01074,CUST00148,2024-03-27,5,10,
ESAT01075,ECON01075,CUST00148,2024-03-04,3,5,
ESAT01076,ECON01076,CUST00148,2025-06-17,3,5,
ESAT01077,ECON01077,CUST00240,2024-11-15,5,8,빠르고 친절한 응대 감사합니다.
ESAT01078,ECON01078,CUST00240,2025-01-31,5,10,
ESAT01079,ECON01079,CUST00240,2024-03-31,3,8,
ESAT01080,ECON01080,CUST00120,2025-05-19,5,8,기대 이상으로 만족스러웠습니다.
ESAT01081,ECON01081,CUST00102,2024-06-27,4,10,기대 이상으로 만족스러웠습니다.
ESAT01082,ECON01082,CUST00306,2025-05-10,1,3,
ESAT01083,ECON01083,CUST00084,2025-11-06,4,7,
ESAT01084,ECON01084,CUST00084,2025-01-10,5,10,
ESAT01085,ECON01085,CUST00084,2024-11-29,5,10,빠르고 친절한 응대 감사합니다.
ESAT01086,ECON01086,CUST00084,2024-11-15,1,4,
ESAT01087,ECON01087,CUST00084,2025-04-15,3,5,
ESAT01088,ECON01088,CUST00084,2024-05-01,3,5,
ESAT01089,ECON01089,CUST00084,2025-09-28,3,4,
ESAT01090,ECON01090,CUST00084,2024-11-01,1,1,
ESAT01091,ECON01091,CUST00058,2025-01-27,5,10,
ESAT01092,ECON01092,CUST00058,2024-08-29,4,6,
ESAT01093,ECON01093,CUST00058,2024-05-20,4,9,기대 이상으로 만족스러웠습니다.
ESAT01094,ECON01094,CUST00058,2025-06-22,3,6,
ESAT01095,ECON01095,CUST00058,2024-08-02,2,4,
ESAT01096,ECON01096,CUST00058,2025-11-05,2,6,
ESAT01097,ECON01097,CUST00264,2025-12-01,1,3,문제가 완전히 해결되지 않았습니다.
ESAT01098,ECON01098,CUST00264,2025-10-14,2,4,응대가 늦어서 아쉬웠습니다.
ESAT01099,ECON01099,CUST00264,2025-11-21,3,4,
ESAT01100,ECON01100,CUST00150,2025-12-01,2,5,기대보다 별로였어요.
ESAT01101,ECON01101,CUST00150,2025-11-26,4,8,
ESAT01102,ECON01102,CUST00174,2024-11-07,1,4,
ESAT01103,ECON01103,CUST00174,2025-12-16,2,4,문제가 완전히 해결되지 않았습니다.
ESAT01104,ECON01104,CUST00359,2024-06-18,5,8,기대 이상으로 만족스러웠습니다.
ESAT01105,ECON01105,CUST00359,2024-06-25,5,10,
ESAT01106,ECON01106,CUST00359,2025-09-26,5,9,
ESAT01107,ECON01107,CUST00359,2024-06-04,3,6,
ESAT01108,ECON01108,CUST00171,2025-01-13,5,9,문제가 깔끔하게 해결됐어요.
ESAT01109,ECON01109,CUST00171,2025-08-14,2,4,
ESAT01110,ECON01110,CUST00171,2024-12-10,2,5,
ESAT01111,ECON01111,CUST00171,2025-01-20,1,0,기대보다 별로였어요.
ESAT01112,ECON01112,CUST00171,2024-10-12,1,1,
ESAT01113,ECON01113,CUST00171,2024-04-30,2,3,기대보다 별로였어요.
ESAT01114,ECON01114,CUST00200,2024-03-14,4,10,
ESAT01115,ECON01115,CUST00200,2025-05-07,4,8,
ESAT01116,ECON01116,CUST00200,2025-08-11,3,8,
ESAT01117,ECON01117,CUST00200,2025-02-12,5,8,
ESAT01118,ECON01118,CUST00200,2024-10-26,5,10,문제가 깔끔하게 해결됐어요.
ESAT01119,ECON01119,CUST00200,2025-10-22,3,7,
ESAT01120,ECON01120,CUST00200,2024-12-21,3,8,
ESAT01121,ECON01121,CUST00205,2025-11-12,2,5,문제가 완전히 해결되지 않았습니다.
ESAT01122,ECON01122,CUST00205,2025-12-30,4,7,
ESAT01123,ECON01123,CUST00205,2025-01-14,2,2,기대보다 별로였어요.
ESAT01124,ECON01124,CUST00332,2024-03-27,5,9,
ESAT01125,ECON01125,CUST00332,2024-02-21,4,6,
ESAT01126,ECON01126,CUST00332,2025-12-16,5,8,
ESAT01127,ECON01127,CUST00332,2024-12-02,2,3,응대가 늦어서 아쉬웠습니다.
ESAT01128,ECON01128,CUST00209,2025-10-16,5,10,기대 이상으로 만족스러웠습니다.
ESAT01129,ECON01129,CUST00209,2024-09-08,3,5,
ESAT01130,ECON01130,CUST00209,2024-05-19,1,4,응대가 늦어서 아쉬웠습니다.
ESAT01131,ECON01131,CUST00209,2024-09-29,5,10,
ESAT01132,ECON01132,CUST00209,2025-09-18,2,4,
ESAT01133,ECON01133,CUST00259,2025-06-06,5,10,
ESAT01134,ECON01134,CUST00259,2024-04-22,5,9,빠르고 친절한 응대 감사합니다.
ESAT01135,ECON01135,CUST00259,2025-08-19,1,4,기대보다 별로였어요.
ESAT01136,ECON01136,CUST00259,2025-04-21,5,10,
ESAT01137,ECON01137,CUST00152,2024-01-05,3,5,
ESAT01138,ECON01138,CUST00201,2025-06-17,3,7,
ESAT01139,ECON01139,CUST00201,2025-08-24,2,3,
ESAT01140,ECON01140,CUST00201,2024-11-10,4,10,
ESAT01141,ECON01141,CUST00201,2025-10-16,4,10,문제가 깔끔하게 해결됐어요.
ESAT01142,ECON01142,CUST00140,2024-03-20,3,7,
ESAT01143,ECON01143,CUST00140,2024-07-21,4,6,
ESAT01144,ECON01144,CUST00140,2024-05-06,2,3,응대가 늦어서 아쉬웠습니다.
ESAT01145,ECON01145,CUST00374,2024-03-01,5,10,
ESAT01146,ECON01146,CUST00374,2024-01-15,2,4,
ESAT01147,ECON01147,CUST00374,2024-02-21,4,9,
ESAT01148,ECON01148,CUST00310,2024-01-21,4,10,문제가 깔끔하게 해결됐어요.
ESAT01149,ECON01149,CUST00310,2024-06-18,3,7,
ESAT01150,ECON01150,CUST00310,2025-11-23,1,1,응대가 늦어서 아쉬웠습니다.
ESAT01151,ECON01151,CUST00310,2025-03-28,2,3,
ESAT01152,ECON01152,CUST00310,2024-12-08,4,6,기대 이상으로 만족스러웠습니다.
ESAT01153,ECON01153,CUST00203,2024-05-28,1,4,기대보다 별로였어요.
ESAT01154,ECON01154,CUST00203,2025-05-20,2,5,
ESAT01155,ECON01155,CUST00203,2024-05-28,5,8,
ESAT01156,ECON01156,CUST00203,2025-08-03,4,7,
ESAT01157,ECON01157,CUST00031,2025-01-26,3,5,
ESAT01158,ECON01158,CUST00031,2024-04-21,5,10,기대 이상으로 만족스러웠습니다.
ESAT01159,ECON01159,CUST00031,2025-12-22,3,5,
ESAT01160,ECON01160,CUST00094,2024-07-08,4,10,
ESAT01161,ECON01161,CUST00094,2025-08-07,3,6,
ESAT01162,ECON01162,CUST00094,2025-11-04,4,6,
ESAT01163,ECON01163,CUST00094,2025-11-03,4,7,문제가 깔끔하게 해결됐어요.
ESAT01164,ECON01164,CUST00094,2025-09-14,3,4,
ESAT01165,ECON01165,CUST00395,2025-12-14,4,7,
ESAT01166,ECON01166,CUST00395,2025-12-06,4,9,
ESAT01167,ECON01167,CUST00395,2025-12-30,4,9,
ESAT01168,ECON01168,CUST00285,2024-10-12,4,10,
ESAT01169,ECON01169,CUST00285,2025-05-31,1,0,
ESAT01170,ECON01170,CUST00285,2025-09-09,3,4,
ESAT01171,ECON01171,CUST00285,2025-02-05,1,2,문제가 완전히 해결되지 않았습니다.
ESAT01172,ECON01172,CUST00285,2025-07-15,5,8,빠르고 친절한 응대 감사합니다.
ESAT01173,ECON01173,CUST00320,2025-01-09,3,4,
ESAT01174,ECON01174,CUST00320,2025-07-31,5,9,기대 이상으로 만족스러웠습니다.
ESAT01175,ECON01175,CUST00320,2024-12-29,4,6,
ESAT01176,ECON01176,CUST00011,2025-12-31,3,8,
ESAT01177,ECON01177,CUST00011,2025-12-30,3,8,
ESAT01178,ECON01178,CUST00011,2026-01-02,1,4,응대가 늦어서 아쉬웠습니다.
ESAT01179,ECON01179,CUST00011,2026-01-03,4,7,
ESAT01180,ECON01180,CUST00230,2025-12-06,4,10,
ESAT01181,ECON01181,CUST00230,2025-11-27,2,6,
ESAT01182,ECON01182,CUST00230,2025-12-05,3,4,
ESAT01183,ECON01183,CUST00230,2025-12-05,5,10,빠르고 친절한 응대 감사합니다.
ESAT01184,ECON01184,CUST00230,2025-11-27,3,4,
ESAT01185,ECON01185,CUST00066,2025-12-21,5,8,
ESAT01186,ECON01186,CUST00066,2025-12-24,5,8,
ESAT01187,ECON01187,CUST00066,2025-12-19,5,8,빠르고 친절한 응대 감사합니다.
ESAT01188,ECON01188,CUST00111,2025-05-11,5,10,빠르고 친절한 응대 감사합니다.
ESAT01189,ECON01189,CUST00111,2025-05-14,3,4,
ESAT01190,ECON01190,CUST00111,2025-08-19,4,7,
ESAT01191,ECON01191,CUST00111,2025-02-22,5,9,
ESAT01192,ECON01192,CUST00113,2024-01-25,5,10,빠르고 친절한 응대 감사합니다.
ESAT01193,ECON01193,CUST00113,2025-04-13,1,3,
ESAT01194,ECON01194,CUST00113,2024-10-22,4,6,기대 이상으로 만족스러웠습니다.
ESAT01195,ECON01195,CUST00113,2025-05-23,2,3,문제가 완전히 해결되지 않았습니다.
ESAT01196,ECON01196,CUST00113,2025-08-15,4,7,문제가 깔끔하게 해결됐어요.
ESAT01197,ECON01197,CUST00113,2024-12-02,4,7,
ESAT01198,ECON01198,CUST00337,2024-11-29,1,1,기대보다 별로였어요.
ESAT01199,ECON01199,CUST00337,2025-10-21,3,8,
ESAT01200,ECON01200,CUST00002,2025-12-22,5,8,
ESAT01201,ECON01201,CUST00002,2024-12-24,4,7,
ESAT01202,ECON01202,CUST00002,2024-02-27,5,10,
ESAT01203,ECON01203,CUST00002,2025-08-03,2,3,기대보다 별로였어요.
ESAT01204,ECON01204,CUST00002,2024-04-27,5,10,
ESAT01205,ECON01205,CUST00375,2025-06-11,1,1,
ESAT01206,ECON01206,CUST00375,2025-04-03,4,9,
ESAT01207,ECON01207,CUST00375,2025-10-26,2,5,기대보다 별로였어요.
ESAT01208,ECON01208,CUST00375,2025-08-29,3,4,
ESAT01209,ECON01209,CUST00375,2025-04-25,3,5,
ESAT01210,ECON01210,CUST00375,2025-12-17,4,7,
ESAT01211,ECON01211,CUST00288,2024-01-16,5,10,
ESAT01212,ECON01212,CUST00288,2024-08-20,4,8,
ESAT01213,ECON01213,CUST00288,2025-07-21,4,9,
ESAT01214,ECON01214,CUST00112,2025-08-06,4,7,
ESAT01215,ECON01215,CUST00112,2025-02-24,3,4,
ESAT01216,ECON01216,CUST00112,2024-11-19,5,10,
ESAT01217,ECON01217,CUST00046,2024-09-05,5,10,빠르고 친절한 응대 감사합니다.
ESAT01218,ECON01218,CUST00046,2025-05-11,3,6,
ESAT01219,ECON01219,CUST00046,2024-08-08,2,4,
ESAT01220,ECON01220,CUST00046,2024-04-06,4,9,
ESAT01221,ECON01221,CUST00081,2025-06-08,2,3,
ESAT01222,ECON01222,CUST00081,2025-09-05,5,10,
ESAT01223,ECON01223,CUST00081,2024-11-13,4,9,
ESAT01224,ECON01224,CUST00081,2025-12-23,5,9,문제가 깔끔하게 해결됐어요.
ESAT01225,ECON01225,CUST00081,2025-06-08,5,10,빠르고 친절한 응대 감사합니다.
ESAT01226,ECON01226,CUST00221,2025-06-18,3,8,
ESAT01227,ECON01227,CUST00221,2025-06-22,4,6,
ESAT01228,ECON01228,CUST00221,2025-06-19,3,7,
ESAT01229,ECON01229,CUST00270,2025-10-17,2,2,
ESAT01230,ECON01230,CUST00270,2025-10-17,5,10,빠르고 친절한 응대 감사합니다.
ESAT01231,ECON01231,CUST00270,2025-11-02,4,9,기대 이상으로 만족스러웠습니다.
ESAT01232,ECON01232,CUST00270,2025-10-15,2,2,응대가 늦어서 아쉬웠습니다.
ESAT01233,ECON01233,CUST00340,2024-09-03,1,3,응대가 늦어서 아쉬웠습니다.
ESAT01234,ECON01234,CUST00297,2024-08-20,4,6,
ESAT01235,ECON01235,CUST00297,2024-12-03,5,10,기대 이상으로 만족스러웠습니다.
ESAT01236,ECON01236,CUST00297,2024-06-09,4,9,기대 이상으로 만족스러웠습니다.
ESAT01237,ECON01237,CUST00346,2024-10-04,3,6,
ESAT01238,ECON01238,CUST00296,2025-05-25,4,6,
ESAT01239,ECON01239,CUST00296,2024-06-24,1,1,
ESAT01240,ECON01240,CUST00296,2025-02-15,1,3,
ESAT01241,ECON01241,CUST00296,2025-12-05,1,0,
ESAT01242,ECON01242,CUST00296,2025-09-25,3,7,
ESAT01243,ECON01243,CUST00296,2025-12-16,4,8,
ESAT01244,ECON01244,CUST00287,2025-03-24,4,6,
ESAT01245,ECON01245,CUST00287,2024-02-04,3,5,
ESAT01246,ECON01246,CUST00287,2025-06-29,2,6,응대가 늦어서 아쉬웠습니다.
ESAT01247,ECON01247,CUST00287,2025-02-28,5,10,기대 이상으로 만족스러웠습니다.
ESAT01248,ECON01248,CUST00287,2024-11-22,3,5,
ESAT01249,ECON01249,CUST00398,2025-08-18,1,4,
ESAT01250,ECON01250,CUST00398,2025-07-31,3,4,
ESAT01251,ECON01251,CUST00398,2024-02-16,5,8,
ESAT01252,ECON01252,CUST00398,2025-07-12,5,9,
ESAT01253,ECON01253,CUST00063,2025-02-10,5,10,빠르고 친절한 응대 감사합니다.
ESAT01254,ECON01254,CUST00063,2024-10-01,5,10,
ESAT01255,ECON01255,CUST00063,2024-06-02,3,6,
ESAT01256,ECON01256,CUST00302,2024-05-17,3,4,
ESAT01257,ECON01257,CUST00302,2025-07-08,2,5,
ESAT01258,ECON01258,CUST00302,2025-07-03,1,4,문제가 완전히 해결되지 않았습니다.
ESAT01259,ECON01259,CUST00302,2025-05-31,2,6,
ESAT01260,ECON01260,CUST00302,2025-06-07,3,4,
ESAT01261,ECON01261,CUST00302,2024-02-14,3,4,
ESAT01262,ECON01262,CUST00302,2024-03-27,4,9,
ESAT01263,ECON01263,CUST00228,2025-06-10,1,0,
ESAT01264,ECON01264,CUST00228,2025-11-29,5,8,
ESAT01265,ECON01265,CUST00364,2024-03-06,4,8,문제가 깔끔하게 해결됐어요.
ESAT01266,ECON01266,CUST00364,2025-07-02,5,10,
ESAT01267,ECON01267,CUST00364,2025-06-19,5,8,
ESAT01268,ECON01268,CUST00035,2025-12-01,4,7,빠르고 친절한 응대 감사합니다.
ESAT01269,ECON01269,CUST00035,2025-09-19,3,7,
ESAT01270,ECON01270,CUST00035,2025-11-02,1,3,
ESAT01271,ECON01271,CUST00035,2025-09-25,2,4,
ESAT01272,ECON01272,CUST00035,2025-12-16,2,6,
ESAT01273,ECON01273,CUST00035,2025-10-31,5,10,
ESAT01274,ECON01274,CUST00035,2025-12-11,3,6,
ESAT01275,ECON01275,CUST00343,2024-07-01,5,10,기대 이상으로 만족스러웠습니다.
ESAT01276,ECON01276,CUST00343,2024-09-12,1,4,기대보다 별로였어요.
ESAT01277,ECON01277,CUST00343,2024-10-30,3,6,
ESAT01278,ECON01278,CUST00343,2025-10-31,5,9,
ESAT01279,ECON01279,CUST00343,2025-09-26,4,9,
ESAT01280,ECON01280,CUST00172,2025-03-12,3,6,
ESAT01281,ECON01281,CUST00172,2025-03-09,1,0,
ESAT01282,ECON01282,CUST00172,2025-04-04,2,5,기대보다 별로였어요.
ESAT01283,ECON01283,CUST00172,2025-08-10,2,2,
